age,workclass,fnlwgt,education,education_num,marital_status,occupation,relationship,race,sex,capital_gain,capital_loss,hours_per_week,native_country,income
27,Private,160178,Some-college,10,Divorced,Adm-clerical,Not-in-family,White,Female,0,0,38,United-States,<=50K
45,State-gov,50567,HS-grad,9,Married-civ-spouse,Exec-managerial,Wife,White,Female,0,0,40,United-States,<=50K
29,Private,185908,Bachelors,13,Married-civ-spouse,Exec-managerial,Husband,Black,Male,0,0,55,United-States,>50K
30,Private,190040,Bachelors,13,Never-married,Machine-op-inspct,Not-in-family,White,Female,0,0,40,United-States,<=50K
29,Self-emp-not-inc,189346,Some-college,10,Divorced,Craft-repair,Not-in-family,White,Male,2202,0,50,United-States,<=50K
51,Private,108435,Masters,14,Married-civ-spouse,Prof-specialty,Husband,White,Male,0,0,47,United-States,>50K
58,Self-emp-not-inc,93664,HS-grad,9,Married-civ-spouse,Exec-managerial,Husband,White,Male,15024,0,60,United-States,>50K
22,Private,148431,HS-grad,9,Never-married,Adm-clerical,Not-in-family,Other,Female,0,0,40,United-States,<=50K
50,Private,313321,Assoc-acdm,12,Divorced,Sales,Not-in-family,White,Female,0,0,40,United-States,<=50K
50,Private,71417,HS-grad,9,Married-civ-spouse,Craft-repair,Husband,White,Male,3103,0,40,United-States,>50K
43,Self-emp-not-inc,241895,Bachelors,13,Never-married,Sales,Not-in-family,White,Male,0,0,42,United-States,<=50K
37,Private,271013,HS-grad,9,Divorced,Handlers-cleaners,Not-in-family,White,Male,0,0,40,United-States,<=50K
41,Private,152529,Bachelors,13,Never-married,Prof-specialty,Not-in-family,White,Male,0,0,40,United-States,>50K
46,Private,116952,7th-8th,4,Married-civ-spouse,Prof-specialty,Wife,White,Female,0,0,45,United-States,<=50K
33,Private,226629,Some-college,10,Married-civ-spouse,Other-service,Wife,White,Female,0,0,35,United-States,<=50K
45,Private,161819,11th,7,Separated,Adm-clerical,Unmarried,Black,Female,0,0,25,United-States,<=50K
43,Private,99212,Assoc-voc,11,Married-civ-spouse,Exec-managerial,Husband,White,Male,3103,0,48,United-States,>50K
52,Self-emp-inc,179951,Prof-school,15,Married-civ-spouse,Exec-managerial,Husband,White,Male,0,0,40,United-States,<=50K
38,Federal-gov,115433,Assoc-acdm,12,Married-civ-spouse,Adm-clerical,Wife,White,Female,7688,0,33,United-States,>50K
32,Self-emp-not-inc,267161,Bachelors,13,Divorced,Exec-managerial,Unmarried,Black,Female,0,0,30,United-States,<=50K
40,Private,439919,9th,5,Married-civ-spouse,Machine-op-inspct,Husband,White,Male,0,0,40,Mexico,<=50K
31,State-gov,93589,HS-grad,9,Divorced,Protective-serv,Own-child,Other,Male,0,0,40,United-States,<=50K
51,Private,95329,Masters,14,Divorced,Protective-serv,Unmarried,White,Male,0,0,40,United-States,<=50K
23,Private,227594,HS-grad,9,Never-married,Adm-clerical,Not-in-family,White,Female,0,0,30,United-States,<=50K
29,Private,50295,Some-college,10,Married-civ-spouse,Exec-managerial,Husband,White,Male,0,0,48,United-States,<=50K
32,Local-gov,159187,Bachelors,13,Never-married,Prof-specialty,Not-in-family,White,Male,0,0,35,United-States,<=50K
59,Private,167963,HS-grad,9,Never-married,Adm-clerical,Unmarried,White,Male,0,0,40,United-States,<=50K
32,Private,237903,Bachelors,13,Never-married,Prof-specialty,Unmarried,White,Female,0,0,40,United-States,<=50K
33,Federal-gov,129707,Some-college,10,Never-married,Exec-managerial,Not-in-family,White,Male,0,0,50,United-States,<=50K
18,Private,231562,HS-grad,9,Never-married,Sales,Own-child,White,Female,0,0,33,United-States,<=50K
53,Private,195813,5th-6th,3,Married-civ-spouse,Craft-repair,Husband,Other,Male,5178,0,40,Puerto-Rico,>50K
32,Private,190511,Some-college,10,Married-civ-spouse,Exec-managerial,Husband,White,Male,0,0,40,United-States,>50K
23,Private,260254,HS-grad,9,Never-married,Sales,Own-child,White,Male,0,0,40,United-States,<=50K
26,Private,94392,11th,7,Separated,Other-service,Unmarried,White,Female,0,0,20,United-States,<=50K
28,Federal-gov,329426,Bachelors,13,Never-married,Exec-managerial,Not-in-family,White,Male,0,0,40,United-States,<=50K
30,Private,167309,Bachelors,13,Married-civ-spouse,Adm-clerical,Husband,White,Male,0,1902,40,United-States,>50K
18,Private,188476,11th,7,Never-married,Exec-managerial,Own-child,White,Male,0,0,20,United-States,<=50K
34,Private,456399,Assoc-acdm,12,Never-married,Prof-specialty,Not-in-family,White,Male,0,0,40,United-States,<=50K
25,Private,184303,Some-college,10,Separated,Priv-house-serv,Other-relative,White,Female,0,0,30,El-Salvador,<=50K
54,Private,96710,HS-grad,9,Married-civ-spouse,Priv-house-serv,Other-relative,Black,Female,0,0,20,United-States,<=50K
37,Private,160035,Some-college,10,Divorced,Machine-op-inspct,Not-in-family,White,Male,0,0,40,United-States,<=50K
45,Private,287190,Assoc-acdm,12,Divorced,Adm-clerical,Unmarried,Black,Male,0,0,35,United-States,<=50K
48,Private,107231,Prof-school,15,Married-civ-spouse,Exec-managerial,Husband,White,Male,99999,0,50,United-States,>50K
72,Private,38360,HS-grad,9,Widowed,Other-service,Unmarried,White,Female,0,0,16,United-States,<=50K
45,Federal-gov,232997,Some-college,10,Married-civ-spouse,Transport-moving,Husband,White,Male,0,0,65,United-States,>50K
45,Self-emp-inc,145290,HS-grad,9,Married-civ-spouse,Other-service,Husband,White,Male,0,0,40,United-States,>50K
45,Local-gov,257855,11th,7,Married-civ-spouse,Other-service,Husband,Black,Male,0,0,50,United-States,<=50K
20,Private,347530,HS-grad,9,Never-married,Other-service,Unmarried,Black,Female,0,0,25,United-States,<=50K
64,?,178556,10th,6,Married-civ-spouse,?,Husband,White,Male,0,0,56,United-States,>50K
45,Private,155659,HS-grad,9,Married-civ-spouse,Craft-repair,Husband,White,Male,0,0,40,United-States,>50K
45,Private,135044,HS-grad,9,Divorced,Machine-op-inspct,Not-in-family,White,Female,0,0,40,United-States,<=50K
20,?,193416,Some-college,10,Never-married,?,Own-child,White,Female,0,0,40,United-States,<=50K
46,Private,65353,Some-college,10,Divorced,Transport-moving,Own-child,White,Male,3325,0,55,United-States,<=50K
26,Federal-gov,352768,HS-grad,9,Divorced,Adm-clerical,Own-child,White,Female,0,0,40,United-States,<=50K
28,Private,177119,Masters,14,Never-married,Exec-managerial,Not-in-family,White,Female,0,0,80,?,<=50K
60,Private,121127,10th,6,Widowed,Sales,Not-in-family,White,Female,0,0,40,United-States,<=50K
31,Local-gov,206297,HS-grad,9,Married-civ-spouse,Protective-serv,Husband,White,Male,0,0,40,United-States,>50K
19,Private,84747,HS-grad,9,Never-married,Sales,Own-child,White,Female,0,0,24,United-States,<=50K
27,Private,57052,HS-grad,9,Married-civ-spouse,Craft-repair,Husband,White,Male,2885,0,40,United-States,<=50K
62,Local-gov,291175,Bachelors,13,Widowed,Prof-specialty,Not-in-family,White,Female,0,0,48,United-States,<=50K
49,Private,228583,HS-grad,9,Divorced,Other-service,Unmarried,White,Male,0,0,40,Columbia,<=50K
48,Private,125892,9th,5,Married-civ-spouse,Machine-op-inspct,Husband,White,Male,0,0,40,Poland,<=50K
25,Private,154941,Bachelors,13,Married-civ-spouse,Sales,Husband,White,Male,0,0,40,United-States,>50K
25,State-gov,262664,Bachelors,13,Married-civ-spouse,Protective-serv,Husband,White,Male,0,0,40,United-States,>50K
37,Private,162494,Bachelors,13,Never-married,Adm-clerical,Not-in-family,White,Female,0,0,40,United-States,<=50K
81,?,106765,Some-college,10,Widowed,?,Unmarried,White,Female,0,0,4,United-States,<=50K
41,State-gov,227734,HS-grad,9,Married-civ-spouse,Adm-clerical,Husband,White,Male,3464,0,40,United-States,<=50K
22,Private,283499,HS-grad,9,Never-married,Transport-moving,Not-in-family,White,Male,0,0,35,United-States,<=50K
47,Self-emp-inc,186410,Prof-school,15,Never-married,Other-service,Not-in-family,White,Male,0,0,60,United-States,>50K
36,Private,33887,Some-college,10,Divorced,Prof-specialty,Not-in-family,White,Male,0,0,40,United-States,<=50K
45,Private,278151,HS-grad,9,Married-civ-spouse,Protective-serv,Husband,White,Male,0,0,40,United-States,<=50K
24,Private,113466,HS-grad,9,Never-married,Sales,Not-in-family,White,Male,0,0,40,United-States,<=50K
23,Private,172047,HS-grad,9,Never-married,Handlers-cleaners,Own-child,White,Male,0,0,40,United-States,<=50K
37,Private,355856,Bachelors,13,Married-civ-spouse,Craft-repair,Husband,Asian-Pac-Islander,Male,0,0,40,Cambodia,>50K
26,State-gov,28366,Bachelors,13,Never-married,Prof-specialty,Not-in-family,White,Male,0,0,40,United-States,<=50K
39,Private,29814,HS-grad,9,Married-civ-spouse,Craft-repair,Husband,White,Male,0,0,40,United-States,<=50K
47,Private,227310,Some-college,10,Divorced,Adm-clerical,Unmarried,Black,Female,0,0,40,United-States,<=50K
49,Private,139268,Some-college,10,Never-married,Craft-repair,Own-child,White,Male,0,0,40,United-States,<=50K
63,Private,106023,HS-grad,9,Married-civ-spouse,Craft-repair,Husband,White,Male,0,0,40,United-States,>50K
18,Private,294253,HS-grad,9,Never-married,Other-service,Own-child,White,Female,0,0,27,United-States,<=50K
29,Private,152461,Bachelors,13,Never-married,Prof-specialty,Unmarried,White,Female,14344,0,50,United-States,>50K
35,Private,336793,Bachelors,13,Never-married,Adm-clerical,Other-relative,White,Male,0,0,40,United-States,<=50K
34,Private,24266,Assoc-voc,11,Married-civ-spouse,Craft-repair,Husband,White,Male,7688,0,40,United-States,>50K
43,Private,110970,Bachelors,13,Married-civ-spouse,Prof-specialty,Husband,White,Male,0,1902,40,United-States,>50K
36,Private,188540,Bachelors,13,Never-married,Exec-managerial,Not-in-family,White,Male,0,0,40,United-States,<=50K
63,Private,187635,HS-grad,9,Never-married,Exec-managerial,Not-in-family,White,Male,0,0,40,United-States,<=50K
35,Private,175614,Assoc-voc,11,Divorced,Prof-specialty,Unmarried,White,Female,0,0,40,United-States,>50K
42,Private,161510,Bachelors,13,Married-civ-spouse,Sales,Husband,White,Male,7298,0,40,United-States,>50K
43,Private,233130,HS-grad,9,Divorced,Sales,Not-in-family,White,Male,0,0,20,United-States,<=50K
26,Local-gov,386949,HS-grad,9,Divorced,Adm-clerical,Unmarried,White,Female,0,0,25,United-States,<=50K
55,Private,104996,7th-8th,4,Married-civ-spouse,Transport-moving,Husband,White,Male,0,0,50,United-States,<=50K
25,Private,47353,10th,6,Married-civ-spouse,Other-service,Wife,White,Female,0,0,40,United-States,<=50K
23,Private,217961,Some-college,10,Never-married,Handlers-cleaners,Own-child,White,Male,0,0,15,United-States,<=50K
37,Self-emp-not-inc,326400,HS-grad,9,Married-civ-spouse,Transport-moving,Husband,White,Male,0,0,30,United-States,<=50K
62,Private,109463,Some-college,10,Separated,Sales,Unmarried,White,Female,0,1617,33,United-States,<=50K
18,Private,236262,11th,7,Never-married,Handlers-cleaners,Own-child,White,Male,0,0,12,United-States,<=50K
55,?,103654,HS-grad,9,Widowed,?,Not-in-family,White,Female,0,0,20,United-States,<=50K
36,Private,99374,Some-college,10,Divorced,Craft-repair,Not-in-family,White,Male,0,0,40,United-States,<=50K
27,?,224421,Some-college,10,Divorced,?,Own-child,White,Male,0,0,40,United-States,<=50K
24,Private,33088,11th,7,Never-married,Handlers-cleaners,Not-in-family,White,Male,0,0,40,United-States,<=50K
40,Private,287008,Prof-school,15,Married-civ-spouse,Prof-specialty,Husband,White,Male,15024,0,55,Germany,>50K
33,Private,93056,7th-8th,4,Divorced,Handlers-cleaners,Own-child,White,Male,0,0,40,United-States,<=50K
47,Private,386136,HS-grad,9,Married-civ-spouse,Transport-moving,Husband,White,Male,0,0,35,United-States,<=50K
20,?,195767,HS-grad,9,Never-married,?,Own-child,White,Male,0,0,40,United-States,<=50K
51,Self-emp-not-inc,149220,Some-college,10,Married-civ-spouse,Farming-fishing,Husband,White,Male,0,0,75,United-States,<=50K
47,Private,316101,HS-grad,9,Divorced,Adm-clerical,Not-in-family,White,Female,0,0,40,United-States,<=50K
41,Private,112181,Bachelors,13,Married-civ-spouse,Sales,Wife,White,Female,0,0,12,United-States,>50K
38,Private,174717,Bachelors,13,Married-civ-spouse,Sales,Husband,White,Male,0,0,50,United-States,>50K
34,Local-gov,353270,Assoc-voc,11,Never-married,Craft-repair,Own-child,White,Female,0,0,40,United-States,<=50K
52,Self-emp-not-inc,185407,Bachelors,13,Married-civ-spouse,Exec-managerial,Husband,White,Male,0,0,50,United-States,>50K
37,Self-emp-not-inc,137527,Doctorate,16,Never-married,Prof-specialty,Not-in-family,White,Female,0,2559,60,United-States,>50K
22,Private,85389,HS-grad,9,Never-married,Tech-support,Own-child,White,Male,0,0,40,United-States,<=50K
19,Private,129059,Some-college,10,Never-married,Sales,Own-child,Black,Male,0,0,30,United-States,<=50K
31,Private,159187,HS-grad,9,Divorced,Transport-moving,Own-child,White,Male,0,0,40,United-States,<=50K
24,Private,182276,HS-grad,9,Married-civ-spouse,Other-service,Wife,White,Female,0,0,25,United-States,<=50K
20,?,174461,HS-grad,9,Never-married,?,Own-child,White,Female,0,0,5,United-States,<=50K
42,Private,87284,Prof-school,15,Married-civ-spouse,Prof-specialty,Husband,White,Male,7298,0,35,United-States,>50K
45,Private,38950,Bachelors,13,Never-married,Craft-repair,Not-in-family,White,Male,0,0,40,United-States,<=50K
26,Private,31290,HS-grad,9,Married-civ-spouse,Adm-clerical,Wife,White,Female,0,0,40,United-States,>50K
26,Private,120238,Bachelors,13,Never-married,Sales,Other-relative,White,Male,0,0,40,United-States,<=50K
31,Private,117526,Some-college,10,Never-married,Farming-fishing,Not-in-family,White,Female,0,0,45,United-States,<=50K
50,Private,268553,HS-grad,9,Married-civ-spouse,Transport-moving,Husband,White,Male,7298,0,40,United-States,>50K
54,Private,155433,HS-grad,9,Married-civ-spouse,Other-service,Wife,White,Female,0,0,35,United-States,<=50K
47,Private,163814,10th,6,Married-civ-spouse,Craft-repair,Husband,White,Male,0,0,40,United-States,<=50K
28,Private,36601,Some-college,10,Never-married,Other-service,Unmarried,White,Female,0,0,35,United-States,<=50K
68,Private,75913,12th,8,Widowed,Sales,Not-in-family,White,Female,0,0,30,United-States,<=50K
48,Private,276664,Doctorate,16,Married-civ-spouse,Prof-specialty,Husband,White,Male,0,1902,50,United-States,>50K
32,Private,191777,Masters,14,Never-married,Adm-clerical,Not-in-family,Black,Female,0,0,40,United-States,<=50K
38,Private,204501,Bachelors,13,Married-civ-spouse,Exec-managerial,Husband,White,Male,0,0,55,United-States,>50K
46,Self-emp-inc,168796,Bachelors,13,Married-civ-spouse,Sales,Husband,White,Male,0,0,55,United-States,<=50K
30,Self-emp-inc,127651,HS-grad,9,Married-civ-spouse,Craft-repair,Husband,White,Male,0,1887,48,United-States,>50K
90,Local-gov,187749,Assoc-acdm,12,Married-civ-spouse,Adm-clerical,Husband,Asian-Pac-Islander,Male,0,0,20,Philippines,<=50K
57,Private,141570,Masters,14,Married-civ-spouse,Exec-managerial,Husband,Black,Male,0,1977,40,United-States,>50K
35,Private,63021,Some-college,10,Divorced,Sales,Not-in-family,White,Female,0,0,35,United-States,<=50K
42,State-gov,160369,HS-grad,9,Never-married,Protective-serv,Not-in-family,White,Male,0,0,40,United-States,>50K
54,Federal-gov,27432,HS-grad,9,Married-civ-spouse,Adm-clerical,Husband,White,Male,0,0,40,United-States,>50K
42,Private,152568,HS-grad,9,Widowed,Sales,Unmarried,Amer-Indian-Eskimo,Female,0,0,40,United-States,<=50K
41,Private,46870,Some-college,10,Divorced,Exec-managerial,Not-in-family,White,Female,0,0,40,United-States,<=50K
47,State-gov,118447,Bachelors,13,Married-civ-spouse,Prof-specialty,Husband,White,Male,0,0,60,United-States,>50K
18,Self-emp-not-inc,60981,11th,7,Never-married,Other-service,Own-child,White,Female,0,0,4,United-States,<=50K
63,?,247986,Prof-school,15,Married-civ-spouse,?,Husband,White,Male,0,0,30,United-States,>50K
21,Private,199419,Some-college,10,Never-married,Adm-clerical,Not-in-family,White,Female,0,0,40,United-States,<=50K
46,Private,99385,Bachelors,13,Separated,Exec-managerial,Unmarried,White,Female,0,0,40,United-States,<=50K
72,?,303588,HS-grad,9,Married-civ-spouse,?,Husband,White,Male,0,0,20,United-States,<=50K
34,State-gov,318982,Masters,14,Married-civ-spouse,Machine-op-inspct,Husband,White,Male,0,1848,40,United-States,>50K
47,Private,169092,Masters,14,Divorced,Prof-specialty,Unmarried,White,Female,0,0,50,United-States,>50K
59,Self-emp-not-inc,223131,HS-grad,9,Divorced,Exec-managerial,Not-in-family,White,Male,0,0,60,United-States,<=50K
59,Local-gov,171328,HS-grad,9,Separated,Protective-serv,Other-relative,Black,Female,0,2339,40,United-States,<=50K
46,Private,328216,HS-grad,9,Married-civ-spouse,Craft-repair,Husband,White,Male,0,0,40,United-States,>50K
62,Self-emp-inc,354075,Bachelors,13,Married-civ-spouse,Exec-managerial,Husband,White,Male,0,0,50,United-States,>50K
23,Private,140798,Bachelors,13,Never-married,Adm-clerical,Not-in-family,White,Female,0,0,40,United-States,<=50K
47,Private,184005,HS-grad,9,Divorced,Exec-managerial,Not-in-family,Amer-Indian-Eskimo,Female,3325,0,45,United-States,<=50K
46,Private,149949,Some-college,10,Married-civ-spouse,Craft-repair,Husband,White,Male,0,0,40,United-States,<=50K
50,Local-gov,226497,Some-college,10,Married-civ-spouse,Protective-serv,Husband,White,Male,0,0,52,United-States,>50K
43,Private,106760,HS-grad,9,Married-civ-spouse,Adm-clerical,Wife,White,Female,0,0,50,Canada,>50K
52,Self-emp-not-inc,40200,Some-college,10,Widowed,Craft-repair,Not-in-family,Black,Male,0,0,35,United-States,<=50K
26,Private,152035,HS-grad,9,Never-married,Adm-clerical,Not-in-family,White,Female,0,0,40,United-States,<=50K
30,Private,342709,HS-grad,9,Married-spouse-absent,Craft-repair,Other-relative,White,Male,0,0,40,United-States,<=50K
42,Private,126098,HS-grad,9,Separated,Craft-repair,Unmarried,Black,Female,0,0,40,United-States,<=50K
17,Private,184198,11th,7,Never-married,Sales,Own-child,White,Female,0,0,13,United-States,<=50K
29,Local-gov,205262,Some-college,10,Never-married,Adm-clerical,Not-in-family,Other,Male,0,0,40,Ecuador,<=50K
40,Private,234633,Some-college,10,Never-married,Craft-repair,Not-in-family,White,Male,0,0,40,United-States,<=50K
21,?,124242,Some-college,10,Never-married,?,Own-child,White,Female,0,0,40,United-States,<=50K
40,Private,272343,HS-grad,9,Married-civ-spouse,Adm-clerical,Wife,White,Female,0,0,40,United-States,>50K
68,Private,351711,Some-college,10,Married-civ-spouse,Adm-clerical,Husband,White,Male,0,0,40,United-States,<=50K
40,Private,289309,Some-college,10,Divorced,Other-service,Not-in-family,White,Female,0,0,48,United-States,<=50K
23,Private,112819,HS-grad,9,Never-married,Machine-op-inspct,Own-child,White,Male,0,0,40,United-States,<=50K
52,Private,72743,HS-grad,9,Married-spouse-absent,Adm-clerical,Not-in-family,White,Female,0,0,50,United-States,<=50K
63,Private,125954,HS-grad,9,Never-married,Machine-op-inspct,Not-in-family,White,Male,2174,0,40,United-States,<=50K
51,Self-emp-inc,231230,Bachelors,13,Married-civ-spouse,Exec-managerial,Husband,White,Male,0,0,25,United-States,<=50K
19,Private,195985,HS-grad,9,Never-married,Other-service,Not-in-family,White,Female,0,0,40,United-States,<=50K
42,Self-emp-not-inc,29320,Prof-school,15,Divorced,Prof-specialty,Unmarried,White,Male,0,0,60,United-States,>50K
26,Private,263200,Some-college,10,Divorced,Adm-clerical,Unmarried,White,Female,0,0,38,United-States,<=50K
50,Private,143953,HS-grad,9,Married-civ-spouse,Sales,Husband,White,Male,0,0,65,United-States,>50K
41,Private,113555,Some-college,10,Married-civ-spouse,Craft-repair,Husband,Amer-Indian-Eskimo,Male,7298,0,50,United-States,>50K
27,Federal-gov,38645,Bachelors,13,Never-married,Exec-managerial,Not-in-family,White,Female,0,0,40,United-States,<=50K
45,Local-gov,348172,Bachelors,13,Married-civ-spouse,Farming-fishing,Husband,Asian-Pac-Islander,Male,7298,0,40,United-States,>50K
45,Private,138626,Assoc-voc,11,Divorced,Exec-managerial,Not-in-family,White,Male,2174,0,50,United-States,<=50K
21,Private,170456,Some-college,10,Never-married,Other-service,Own-child,White,Male,0,0,35,Italy,<=50K
54,Private,278329,HS-grad,9,Married-spouse-absent,Exec-managerial,Not-in-family,White,Female,0,0,43,United-States,<=50K
27,Private,193898,Bachelors,13,Divorced,Exec-managerial,Not-in-family,White,Male,0,0,52,United-States,<=50K
57,Private,201991,Bachelors,13,Married-civ-spouse,Prof-specialty,Husband,White,Male,0,0,40,United-States,<=50K
22,Private,341610,Some-college,10,Never-married,Sales,Not-in-family,White,Male,0,0,35,?,<=50K
23,Federal-gov,41356,Assoc-acdm,12,Never-married,Exec-managerial,Unmarried,White,Female,0,0,32,United-States,<=50K
50,Private,266529,11th,7,Married-civ-spouse,Craft-repair,Husband,White,Male,0,0,40,United-States,<=50K
69,Private,203313,HS-grad,9,Widowed,Other-service,Not-in-family,White,Female,991,0,18,United-States,<=50K
59,?,154236,HS-grad,9,Married-civ-spouse,?,Wife,White,Female,7688,0,40,United-States,>50K
23,Private,111450,Some-college,10,Never-married,Adm-clerical,Other-relative,Black,Male,0,0,22,United-States,<=50K
36,Private,297449,Bachelors,13,Divorced,Prof-specialty,Not-in-family,White,Male,14084,0,40,United-States,>50K
62,Private,232308,Bachelors,13,Married-civ-spouse,Exec-managerial,Husband,White,Male,0,0,40,United-States,>50K
45,Private,34419,Bachelors,13,Never-married,Transport-moving,Not-in-family,White,Male,0,0,30,United-States,<=50K
27,Private,190525,Bachelors,13,Married-civ-spouse,Exec-managerial,Husband,White,Male,7298,0,55,United-States,>50K
30,Private,175931,HS-grad,9,Married-civ-spouse,Craft-repair,Husband,White,Male,0,0,40,United-States,<=50K
35,Local-gov,79649,Bachelors,13,Married-civ-spouse,Prof-specialty,Husband,White,Male,0,0,50,United-States,<=50K
58,Private,177368,HS-grad,9,Married-civ-spouse,Craft-repair,Husband,White,Male,0,0,40,United-States,>50K
24,Private,464103,HS-grad,9,Never-married,Adm-clerical,Not-in-family,White,Male,0,0,50,United-States,<=50K
45,Local-gov,119199,Assoc-acdm,12,Divorced,Prof-specialty,Unmarried,White,Female,0,0,48,United-States,<=50K
46,Private,42972,Masters,14,Married-civ-spouse,Prof-specialty,Wife,White,Female,0,0,22,United-States,>50K
28,Private,110981,Some-college,10,Never-married,Other-service,Not-in-family,White,Male,0,0,40,United-States,<=50K
20,Self-emp-not-inc,211466,HS-grad,9,Never-married,Transport-moving,Own-child,White,Male,0,0,80,United-States,<=50K
54,Private,175262,7th-8th,4,Married-civ-spouse,Machine-op-inspct,Husband,White,Male,0,0,40,United-States,<=50K
25,Private,164488,Bachelors,13,Never-married,Tech-support,Not-in-family,White,Male,0,0,40,United-States,<=50K
55,Private,211678,Assoc-voc,11,Married-civ-spouse,Machine-op-inspct,Husband,White,Male,0,0,45,United-States,<=50K
60,Local-gov,124987,Bachelors,13,Married-civ-spouse,Prof-specialty,Husband,White,Male,7298,0,40,United-States,>50K
46,Local-gov,175754,Masters,14,Divorced,Prof-specialty,Not-in-family,White,Female,0,1876,60,United-States,<=50K
21,Private,126613,Some-college,10,Never-married,Other-service,Own-child,White,Female,0,0,40,United-States,<=50K
51,Self-emp-not-inc,306784,HS-grad,9,Married-civ-spouse,Exec-managerial,Husband,White,Male,0,0,30,United-States,<=50K
28,Private,185957,HS-grad,9,Married-civ-spouse,Adm-clerical,Wife,White,Female,0,0,40,United-States,<=50K
46,Private,116666,HS-grad,9,Divorced,Exec-managerial,Not-in-family,White,Female,0,0,40,United-States,<=50K
62,Self-emp-inc,236096,HS-grad,9,Divorced,Exec-managerial,Not-in-family,Black,Male,0,0,40,United-States,<=50K
43,Private,178780,Some-college,10,Married-civ-spouse,Exec-managerial,Husband,White,Male,0,0,49,United-States,>50K
28,Federal-gov,183151,Assoc-acdm,12,Married-civ-spouse,Adm-clerical,Husband,White,Male,0,0,60,United-States,<=50K
27,Private,108431,Some-college,10,Never-married,Craft-repair,Not-in-family,Black,Male,0,0,40,United-States,<=50K
35,State-gov,318891,Assoc-acdm,12,Widowed,Exec-managerial,Not-in-family,White,Female,0,0,40,United-States,<=50K
30,Private,310889,Assoc-voc,11,Married-civ-spouse,Exec-managerial,Husband,White,Male,0,0,50,United-States,>50K
24,Private,329852,HS-grad,9,Never-married,Machine-op-inspct,Not-in-family,White,Male,0,0,40,United-States,<=50K
56,Private,201344,Some-college,10,Widowed,Craft-repair,Unmarried,White,Female,0,0,38,United-States,<=50K
25,Private,125491,Some-college,10,Never-married,Other-service,Not-in-family,Asian-Pac-Islander,Female,0,0,34,United-States,<=50K
38,Private,85074,Assoc-acdm,12,Divorced,Adm-clerical,Unmarried,White,Female,0,0,40,United-States,<=50K
34,Private,242361,Some-college,10,Married-civ-spouse,Prof-specialty,Husband,Black,Male,0,0,50,United-States,<=50K
40,Private,235371,Assoc-voc,11,Divorced,Prof-specialty,Unmarried,White,Male,0,0,40,United-States,<=50K
44,Private,124924,HS-grad,9,Married-civ-spouse,Exec-managerial,Husband,White,Male,0,0,40,Mexico,<=50K
25,Private,189219,Bachelors,13,Never-married,Tech-support,Own-child,White,Female,0,0,16,United-States,<=50K
32,Private,209538,Masters,14,Married-civ-spouse,Exec-managerial,Husband,White,Male,0,0,55,United-States,>50K
17,Private,317702,9th,5,Never-married,Other-service,Own-child,Black,Female,0,0,40,United-States,<=50K
54,Local-gov,54377,Masters,14,Divorced,Prof-specialty,Not-in-family,White,Female,0,0,40,United-States,<=50K
66,Private,180211,Bachelors,13,Married-civ-spouse,Craft-repair,Husband,Asian-Pac-Islander,Male,0,0,30,Philippines,<=50K
36,Private,207853,HS-grad,9,Divorced,Craft-repair,Own-child,White,Male,0,0,40,United-States,<=50K
31,Private,222130,Some-college,10,Never-married,Adm-clerical,Not-in-family,White,Female,0,0,43,United-States,<=50K
23,Private,131275,HS-grad,9,Never-married,Craft-repair,Own-child,Amer-Indian-Eskimo,Male,0,0,40,United-States,<=50K
33,Federal-gov,293550,Some-college,10,Married-civ-spouse,Tech-support,Wife,White,Female,4064,0,40,United-States,<=50K
37,Private,105021,Bachelors,13,Married-civ-spouse,Sales,Husband,White,Male,0,0,50,United-States,>50K
30,Private,101859,7th-8th,4,Never-married,Craft-repair,Not-in-family,White,Male,0,0,50,United-States,<=50K
81,?,147097,Bachelors,13,Widowed,?,Not-in-family,White,Male,0,0,5,United-States,<=50K
22,Private,496025,Some-college,10,Married-civ-spouse,Machine-op-inspct,Husband,White,Male,0,0,40,Mexico,<=50K
29,Private,383745,HS-grad,9,Married-civ-spouse,Machine-op-inspct,Husband,White,Male,0,1887,30,United-States,>50K
28,Private,389713,HS-grad,9,Divorced,Protective-serv,Not-in-family,White,Male,0,0,40,United-States,<=50K
62,Local-gov,136787,HS-grad,9,Divorced,Transport-moving,Other-relative,White,Male,0,0,40,United-States,<=50K
27,Private,243569,11th,7,Married-civ-spouse,Handlers-cleaners,Husband,White,Male,3942,0,40,United-States,<=50K
31,Private,181091,Bachelors,13,Married-civ-spouse,Sales,Husband,White,Male,0,0,40,United-States,>50K
33,Private,62155,Some-college,10,Never-married,Sales,Not-in-family,Black,Male,0,0,35,United-States,<=50K
26,Private,224943,Assoc-voc,11,Never-married,Sales,Other-relative,Black,Male,0,0,65,United-States,<=50K
20,Private,227411,Some-college,10,Never-married,Other-service,Own-child,White,Female,0,0,20,United-States,<=50K
24,Private,190968,HS-grad,9,Married-civ-spouse,Sales,Husband,White,Male,0,0,48,United-States,<=50K
30,Private,188798,Some-college,10,Divorced,Other-service,Own-child,White,Female,0,0,20,United-States,<=50K
22,Private,267174,HS-grad,9,Never-married,Handlers-cleaners,Own-child,Black,Male,0,0,40,United-States,<=50K
64,Federal-gov,388594,Prof-school,15,Married-civ-spouse,Prof-specialty,Husband,White,Male,15024,0,45,?,>50K
18,Private,268952,12th,8,Never-married,Other-service,Own-child,White,Male,0,0,20,United-States,<=50K
32,Private,211349,10th,6,Married-civ-spouse,Transport-moving,Husband,White,Male,0,0,40,United-States,<=50K
41,Private,76625,HS-grad,9,Married-civ-spouse,Craft-repair,Husband,White,Male,0,0,40,United-States,<=50K
30,?,157289,11th,7,Never-married,?,Unmarried,White,Male,0,0,40,United-States,<=50K
34,Private,176469,Bachelors,13,Never-married,Sales,Not-in-family,White,Male,0,0,38,United-States,<=50K
21,?,219835,Assoc-voc,11,Never-married,?,Not-in-family,White,Male,0,0,40,United-States,<=50K
53,Private,204584,Masters,14,Divorced,Sales,Not-in-family,White,Female,0,0,40,United-States,<=50K
45,Private,179135,HS-grad,9,Divorced,Adm-clerical,Not-in-family,White,Female,0,0,40,United-States,<=50K
31,Self-emp-not-inc,44503,Some-college,10,Married-civ-spouse,Craft-repair,Husband,White,Male,0,0,40,United-States,<=50K
70,Private,30713,HS-grad,9,Married-civ-spouse,Farming-fishing,Husband,White,Male,0,0,30,United-States,<=50K
46,Private,188325,HS-grad,9,Married-civ-spouse,Other-service,Husband,White,Male,0,0,40,United-States,<=50K
41,Self-emp-inc,145441,Masters,14,Married-civ-spouse,Exec-managerial,Husband,White,Male,0,0,50,United-States,>50K
17,Self-emp-inc,181608,10th,6,Never-married,Sales,Own-child,White,Male,0,0,12,United-States,<=50K
42,Private,77373,Some-college,10,Married-civ-spouse,Handlers-cleaners,Husband,White,Male,0,0,38,United-States,<=50K
24,Private,321763,HS-grad,9,Never-married,Exec-managerial,Not-in-family,White,Male,0,0,38,United-States,<=50K
44,Private,232421,HS-grad,9,Married-spouse-absent,Transport-moving,Not-in-family,Other,Male,0,0,32,Canada,<=50K
50,Local-gov,141875,HS-grad,9,Married-civ-spouse,Transport-moving,Husband,White,Male,0,0,40,United-States,<=50K
19,Private,456572,HS-grad,9,Never-married,Farming-fishing,Other-relative,White,Male,0,0,35,United-States,<=50K
36,Private,211022,Assoc-voc,11,Divorced,Prof-specialty,Not-in-family,White,Male,0,0,40,United-States,>50K
33,Private,246038,Bachelors,13,Married-civ-spouse,Prof-specialty,Husband,White,Male,0,0,40,United-States,>50K
32,Private,158438,Some-college,10,Married-civ-spouse,Exec-managerial,Husband,White,Male,0,0,60,United-States,>50K
54,Private,118793,HS-grad,9,Married-civ-spouse,Adm-clerical,Husband,White,Male,0,0,45,United-States,<=50K
54,Local-gov,178356,9th,5,Married-civ-spouse,Other-service,Husband,White,Male,0,0,40,United-States,<=50K
27,Local-gov,163862,HS-grad,9,Married-civ-spouse,Transport-moving,Husband,White,Male,0,0,60,United-States,<=50K
29,Private,145011,Some-college,10,Never-married,Craft-repair,Own-child,White,Male,0,0,40,United-States,<=50K
29,Private,179008,HS-grad,9,Married-civ-spouse,Farming-fishing,Husband,White,Male,0,0,55,United-States,<=50K
36,Private,215373,Bachelors,13,Never-married,Exec-managerial,Not-in-family,White,Male,0,0,70,United-States,<=50K
54,Private,68985,Masters,14,Married-civ-spouse,Sales,Husband,White,Male,0,0,55,United-States,>50K
39,Private,250157,Bachelors,13,Never-married,Prof-specialty,Not-in-family,White,Female,0,0,63,United-States,<=50K
36,Private,246449,Some-college,10,Married-civ-spouse,Exec-managerial,Husband,White,Male,0,0,60,United-States,>50K
45,Private,185385,HS-grad,9,Married-civ-spouse,Machine-op-inspct,Husband,White,Male,0,0,40,United-States,<=50K
67,?,407618,9th,5,Divorced,?,Not-in-family,White,Female,2050,0,40,United-States,<=50K
28,Self-emp-inc,32922,Assoc-voc,11,Never-married,Sales,Not-in-family,White,Male,0,0,60,United-States,<=50K
45,Private,148549,Some-college,10,Divorced,Craft-repair,Not-in-family,White,Male,27828,0,56,United-States,>50K
32,Private,176998,Bachelors,13,Married-civ-spouse,Exec-managerial,Husband,White,Male,0,0,40,United-States,<=50K
26,Private,256000,Prof-school,15,Married-civ-spouse,Prof-specialty,Husband,White,Male,99999,0,60,United-States,>50K
43,Private,160246,Some-college,10,Divorced,Prof-specialty,Unmarried,Black,Female,0,0,40,United-States,<=50K
27,Private,191822,HS-grad,9,Married-civ-spouse,Sales,Wife,White,Female,0,0,50,United-States,<=50K
26,Private,115717,Some-college,10,Married-civ-spouse,Adm-clerical,Husband,White,Male,0,2051,40,United-States,<=50K
43,Private,108945,Some-college,10,Divorced,Prof-specialty,Unmarried,White,Female,0,0,38,United-States,<=50K
45,Private,101320,HS-grad,9,Divorced,Adm-clerical,Unmarried,White,Female,0,0,40,United-States,<=50K
41,Private,294270,9th,5,Married-civ-spouse,Transport-moving,Husband,White,Male,0,0,35,United-States,<=50K
25,Private,153841,Some-college,10,Never-married,Adm-clerical,Own-child,White,Female,0,0,40,United-States,<=50K
33,Private,215306,Assoc-voc,11,Never-married,Other-service,Not-in-family,White,Male,0,0,40,Cuba,<=50K
25,Private,201413,Some-college,10,Never-married,Other-service,Unmarried,Black,Female,0,0,40,United-States,<=50K
21,Private,265434,Some-college,10,Never-married,Prof-specialty,Own-child,White,Female,0,0,30,United-States,<=50K
68,?,257269,Bachelors,13,Married-civ-spouse,?,Husband,White,Male,0,2377,35,United-States,>50K
73,?,243030,Bachelors,13,Married-civ-spouse,?,Husband,White,Male,0,0,30,United-States,<=50K
26,?,188343,HS-grad,9,Never-married,?,Unmarried,Black,Female,0,0,40,United-States,<=50K
40,Private,141657,HS-grad,9,Married-civ-spouse,Exec-managerial,Wife,White,Female,0,0,35,United-States,>50K
46,Local-gov,140219,Masters,14,Divorced,Prof-specialty,Not-in-family,White,Female,8614,0,55,United-States,>50K
33,Private,157446,11th,7,Never-married,Craft-repair,Not-in-family,White,Male,0,0,65,United-States,<=50K
41,Private,32878,Bachelors,13,Married-civ-spouse,Prof-specialty,Husband,White,Male,0,0,45,United-States,>50K
61,Local-gov,176731,HS-grad,9,Married-civ-spouse,Handlers-cleaners,Husband,White,Male,0,0,40,United-States,<=50K
20,Private,324469,Some-college,10,Never-married,Machine-op-inspct,Not-in-family,White,Female,0,0,40,United-States,<=50K
59,Private,159937,HS-grad,9,Married-civ-spouse,Sales,Husband,White,Male,0,0,48,United-States,<=50K
42,Local-gov,97277,Masters,14,Divorced,Prof-specialty,Unmarried,White,Female,0,0,40,United-States,<=50K
31,Private,178370,HS-grad,9,Divorced,Other-service,Unmarried,White,Female,0,0,99,United-States,>50K
57,Self-emp-not-inc,138285,Assoc-acdm,12,Married-civ-spouse,Other-service,Husband,White,Male,0,0,40,Iran,<=50K
21,Private,267040,10th,6,Never-married,Prof-specialty,Unmarried,Black,Female,0,0,40,United-States,<=50K
47,Private,158451,Masters,14,Married-civ-spouse,Prof-specialty,Wife,White,Female,0,0,2,United-States,>50K
42,State-gov,190044,Bachelors,13,Married-civ-spouse,Exec-managerial,Husband,White,Male,15024,0,50,United-States,>50K
48,Private,167009,Some-college,10,Divorced,Adm-clerical,Not-in-family,White,Female,0,0,48,United-States,<=50K
59,Private,145574,11th,7,Married-civ-spouse,Adm-clerical,Husband,White,Male,0,0,40,United-States,<=50K
35,Self-emp-inc,89622,Some-college,10,Married-civ-spouse,Sales,Husband,White,Male,0,0,50,United-States,>50K
47,Private,228583,Some-college,10,Married-civ-spouse,Craft-repair,Husband,White,Male,0,0,40,?,<=50K
29,Private,222249,HS-grad,9,Never-married,Adm-clerical,Other-relative,White,Female,0,0,40,United-States,<=50K
39,Private,183898,Assoc-acdm,12,Married-civ-spouse,Craft-repair,Husband,White,Male,7688,0,60,Germany,>50K
39,Private,481060,HS-grad,9,Divorced,Sales,Unmarried,White,Female,0,0,40,United-States,<=50K
51,Private,138852,HS-grad,9,Married-civ-spouse,Tech-support,Husband,White,Male,0,0,40,United-States,<=50K
30,Private,280069,Some-college,10,Never-married,Sales,Not-in-family,White,Female,0,0,48,United-States,<=50K
21,Private,210165,9th,5,Married-spouse-absent,Handlers-cleaners,Own-child,White,Male,0,0,40,United-States,<=50K
33,Private,342730,Some-college,10,Married-civ-spouse,Sales,Husband,White,Male,0,0,52,United-States,<=50K
19,Self-emp-inc,170125,HS-grad,9,Never-married,Sales,Own-child,White,Male,0,0,40,United-States,<=50K
26,Private,142506,Bachelors,13,Never-married,Prof-specialty,Unmarried,Black,Female,0,0,35,United-States,<=50K
59,Private,135617,11th,7,Married-civ-spouse,Craft-repair,Husband,White,Male,0,0,40,United-States,<=50K
40,Private,327573,Assoc-voc,11,Married-civ-spouse,Craft-repair,Husband,White,Male,0,0,40,United-States,<=50K
39,Private,164712,Some-college,10,Never-married,Transport-moving,Unmarried,White,Male,0,0,40,United-States,<=50K
24,Private,438839,Bachelors,13,Never-married,Sales,Not-in-family,White,Male,0,0,40,United-States,<=50K
21,Private,100462,Assoc-voc,11,Never-married,Exec-managerial,Own-child,White,Female,2174,0,60,United-States,<=50K
39,Local-gov,116666,HS-grad,9,Never-married,Protective-serv,Own-child,Amer-Indian-Eskimo,Male,4650,0,48,United-States,<=50K
33,Private,160784,10th,6,Married-civ-spouse,Craft-repair,Husband,White,Male,0,0,40,United-States,<=50K
56,Private,100776,HS-grad,9,Married-civ-spouse,Sales,Wife,White,Female,0,0,50,United-States,<=50K
48,Self-emp-not-inc,30840,Some-college,10,Married-civ-spouse,Prof-specialty,Husband,White,Male,5013,0,45,United-States,<=50K
27,State-gov,271243,Some-college,10,Divorced,Adm-clerical,Unmarried,Black,Male,0,0,40,Jamaica,<=50K
36,Self-emp-not-inc,129150,HS-grad,9,Married-civ-spouse,Farming-fishing,Husband,White,Male,0,0,50,United-States,>50K
45,Private,184277,Assoc-voc,11,Divorced,Adm-clerical,Unmarried,White,Female,0,0,55,United-States,>50K
45,Private,102096,Bachelors,13,Married-civ-spouse,Exec-managerial,Husband,White,Male,0,0,40,?,>50K
39,Private,746786,Bachelors,13,Married-civ-spouse,Prof-specialty,Husband,White,Male,0,0,55,United-States,>50K
57,Private,199847,Bachelors,13,Married-civ-spouse,Exec-managerial,Husband,White,Male,15024,0,60,United-States,>50K
48,Private,139290,10th,6,Separated,Machine-op-inspct,Own-child,White,Female,0,0,48,United-States,<=50K
56,Self-emp-not-inc,179594,HS-grad,9,Married-civ-spouse,Exec-managerial,Husband,White,Male,0,0,48,United-States,<=50K
32,Private,255424,Bachelors,13,Married-civ-spouse,Sales,Husband,White,Male,0,0,60,United-States,>50K
18,Self-emp-not-inc,258474,10th,6,Never-married,Farming-fishing,Own-child,White,Male,0,0,40,United-States,<=50K
36,?,187167,HS-grad,9,Separated,?,Not-in-family,White,Female,0,0,30,United-States,<=50K
44,Federal-gov,320071,HS-grad,9,Married-civ-spouse,Craft-repair,Husband,White,Male,0,0,40,United-States,>50K
62,Self-emp-not-inc,158712,HS-grad,9,Never-married,Other-service,Unmarried,White,Female,0,0,6,United-States,<=50K
66,?,206560,HS-grad,9,Widowed,?,Not-in-family,Other,Female,0,0,35,Puerto-Rico,<=50K
41,Private,170230,Bachelors,13,Divorced,Exec-managerial,Unmarried,White,Female,0,0,45,United-States,<=50K
35,Private,172186,Some-college,10,Separated,Craft-repair,Not-in-family,White,Male,0,0,40,United-States,<=50K
42,Private,250536,Some-college,10,Separated,Other-service,Unmarried,Black,Female,0,0,21,Haiti,<=50K
33,Private,139057,Masters,14,Married-civ-spouse,Tech-support,Husband,Asian-Pac-Islander,Male,0,0,50,United-States,>50K
39,Private,192251,HS-grad,9,Never-married,Adm-clerical,Own-child,White,Female,0,0,40,United-States,>50K
67,Self-emp-inc,330144,Masters,14,Married-civ-spouse,Sales,Husband,White,Male,0,0,48,United-States,>50K
67,Private,105252,Some-college,10,Divorced,Adm-clerical,Not-in-family,White,Male,7978,0,35,United-States,<=50K
36,Federal-gov,67317,HS-grad,9,Married-civ-spouse,Adm-clerical,Husband,White,Male,0,0,40,United-States,<=50K
29,Local-gov,214706,HS-grad,9,Never-married,Other-service,Unmarried,White,Female,0,0,40,United-States,<=50K
37,Private,37238,Bachelors,13,Never-married,Exec-managerial,Not-in-family,White,Male,0,0,45,United-States,<=50K
48,Self-emp-inc,148995,Bachelors,13,Divorced,Sales,Not-in-family,White,Male,0,0,60,United-States,>50K
33,Private,215288,11th,7,Never-married,Handlers-cleaners,Own-child,Black,Male,0,0,40,United-States,<=50K
33,Private,181091,Bachelors,13,Married-civ-spouse,Adm-clerical,Husband,White,Male,0,0,60,Iran,>50K
56,Private,184553,10th,6,Divorced,Craft-repair,Not-in-family,White,Male,0,0,56,United-States,<=50K
36,State-gov,243666,HS-grad,9,Divorced,Adm-clerical,Own-child,Black,Female,0,0,40,United-States,<=50K
37,Private,22463,Assoc-voc,11,Married-civ-spouse,Craft-repair,Husband,White,Male,0,1977,40,United-States,>50K
90,Private,51744,HS-grad,9,Never-married,Other-service,Not-in-family,Black,Male,0,2206,40,United-States,<=50K
42,Local-gov,263871,HS-grad,9,Married-civ-spouse,Adm-clerical,Husband,White,Male,0,0,8,United-States,<=50K
67,?,274451,7th-8th,4,Married-civ-spouse,?,Husband,White,Male,0,0,40,United-States,<=50K
33,Private,196385,Masters,14,Married-civ-spouse,Prof-specialty,Husband,White,Male,0,0,37,United-States,>50K
21,Private,143062,HS-grad,9,Never-married,Machine-op-inspct,Own-child,White,Male,0,0,40,United-States,<=50K
27,Private,36440,Bachelors,13,Never-married,Sales,Not-in-family,White,Female,0,0,40,United-States,<=50K
21,Private,230248,HS-grad,9,Never-married,Adm-clerical,Not-in-family,White,Female,0,0,25,United-States,<=50K
18,?,298133,Some-college,10,Never-married,?,Own-child,White,Male,0,0,40,United-States,<=50K
58,Private,33725,Masters,14,Divorced,Prof-specialty,Not-in-family,White,Male,0,0,20,United-States,<=50K
17,Private,100828,Some-college,10,Never-married,Adm-clerical,Own-child,White,Male,0,0,20,United-States,<=50K
78,?,292019,7th-8th,4,Married-civ-spouse,?,Husband,White,Male,0,0,20,United-States,<=50K
33,Private,80058,HS-grad,9,Never-married,Other-service,Own-child,White,Male,0,0,48,United-States,<=50K
34,Self-emp-inc,154227,Some-college,10,Never-married,Sales,Not-in-family,White,Male,0,0,75,United-States,<=50K
42,Private,245626,HS-grad,9,Married-civ-spouse,Craft-repair,Husband,Amer-Indian-Eskimo,Male,0,0,60,United-States,<=50K
48,Self-emp-not-inc,162236,Masters,14,Widowed,Exec-managerial,Unmarried,White,Female,0,0,40,?,>50K
34,Private,33117,Some-college,10,Married-civ-spouse,Other-service,Husband,White,Male,0,0,40,United-States,<=50K
38,Private,82552,HS-grad,9,Never-married,Handlers-cleaners,Not-in-family,White,Male,594,0,50,United-States,<=50K
37,Self-emp-not-inc,352882,HS-grad,9,Divorced,Exec-managerial,Not-in-family,Asian-Pac-Islander,Female,0,0,70,South,>50K
19,?,308064,HS-grad,9,Never-married,?,Not-in-family,Black,Female,0,0,40,United-States,<=50K
17,Private,218124,11th,7,Never-married,Sales,Own-child,White,Female,0,0,20,United-States,<=50K
27,?,182386,11th,7,Divorced,?,Unmarried,White,Female,0,0,35,United-States,<=50K
36,Federal-gov,153066,Masters,14,Married-civ-spouse,Prof-specialty,Husband,White,Male,0,0,40,United-States,>50K
38,Private,607848,Bachelors,13,Married-civ-spouse,Sales,Husband,White,Male,0,0,40,United-States,>50K
48,Private,155509,Some-college,10,Never-married,Craft-repair,Not-in-family,Black,Female,0,0,40,United-States,<=50K
25,Private,200408,Assoc-acdm,12,Never-married,Craft-repair,Own-child,White,Male,0,0,40,United-States,<=50K
49,Private,235683,Some-college,10,Married-civ-spouse,Sales,Wife,White,Female,0,0,40,United-States,>50K
40,Private,272960,Assoc-acdm,12,Married-civ-spouse,Tech-support,Husband,White,Male,0,0,42,United-States,>50K
22,Private,50058,Some-college,10,Never-married,Adm-clerical,Not-in-family,White,Female,0,0,35,United-States,<=50K
35,Local-gov,116960,Masters,14,Married-civ-spouse,Prof-specialty,Husband,White,Male,0,1887,40,United-States,>50K
43,Federal-gov,347720,Bachelors,13,Never-married,Tech-support,Not-in-family,White,Male,0,0,50,United-States,<=50K
21,Private,61777,Some-college,10,Never-married,Craft-repair,Not-in-family,White,Male,0,0,70,United-States,<=50K
46,Private,176552,11th,7,Divorced,Prof-specialty,Unmarried,Amer-Indian-Eskimo,Male,0,0,40,United-States,>50K
34,Local-gov,51543,Some-college,10,Never-married,Other-service,Not-in-family,White,Male,0,0,48,United-States,<=50K
37,Private,238433,1st-4th,2,Married-civ-spouse,Transport-moving,Husband,White,Male,0,0,40,Cuba,<=50K
17,Private,99161,10th,6,Never-married,Other-service,Own-child,White,Male,0,0,8,United-States,<=50K
57,Federal-gov,170603,Some-college,10,Married-civ-spouse,Adm-clerical,Husband,White,Male,0,0,40,United-States,>50K
46,Private,191389,HS-grad,9,Married-civ-spouse,Exec-managerial,Wife,White,Female,0,0,28,United-States,>50K
39,Private,91711,Masters,14,Married-civ-spouse,Exec-managerial,Husband,White,Male,0,0,40,United-States,>50K
30,Federal-gov,295010,Bachelors,13,Never-married,Protective-serv,Not-in-family,White,Female,0,0,60,United-States,>50K
23,Private,177526,Bachelors,13,Never-married,Exec-managerial,Not-in-family,White,Male,0,0,40,United-States,<=50K
56,Self-emp-not-inc,385632,7th-8th,4,Divorced,Other-service,Unmarried,White,Female,0,0,40,United-States,<=50K
21,Private,253190,HS-grad,9,Never-married,Other-service,Own-child,White,Male,0,0,40,United-States,<=50K
40,Private,117917,HS-grad,9,Married-civ-spouse,Prof-specialty,Husband,Amer-Indian-Eskimo,Male,0,0,50,United-States,<=50K
61,Private,181219,Bachelors,13,Married-civ-spouse,Prof-specialty,Husband,White,Male,0,1848,40,United-States,>50K
44,Private,191256,HS-grad,9,Married-civ-spouse,Machine-op-inspct,Husband,White,Male,0,0,40,United-States,<=50K
30,Private,170154,Bachelors,13,Never-married,Tech-support,Not-in-family,White,Female,0,0,40,United-States,>50K
31,Private,265706,HS-grad,9,Married-civ-spouse,Craft-repair,Husband,White,Male,7298,0,40,United-States,>50K
63,Self-emp-not-inc,125178,Bachelors,13,Married-civ-spouse,Prof-specialty,Husband,White,Male,0,0,40,United-States,>50K
34,Private,231238,9th,5,Separated,Farming-fishing,Unmarried,Black,Male,0,0,40,United-States,<=50K
54,Private,117674,Masters,14,Married-civ-spouse,Prof-specialty,Husband,White,Male,0,0,40,United-States,>50K
61,?,175032,HS-grad,9,Married-civ-spouse,?,Husband,White,Male,0,0,40,United-States,<=50K
28,?,123147,Some-college,10,Married-civ-spouse,?,Wife,White,Female,0,1887,40,United-States,>50K
42,Private,31387,Doctorate,16,Married-spouse-absent,Prof-specialty,Unmarried,Amer-Indian-Eskimo,Female,0,0,40,United-States,<=50K
30,Private,122042,Masters,14,Married-civ-spouse,Exec-managerial,Husband,White,Male,0,0,45,United-States,>50K
18,Private,387568,10th,6,Never-married,Sales,Own-child,White,Male,0,0,10,United-States,<=50K
58,Private,343957,Bachelors,13,Divorced,Sales,Not-in-family,White,Male,0,0,50,United-States,<=50K
25,Private,135568,9th,5,Married-civ-spouse,Handlers-cleaners,Husband,White,Male,0,0,40,United-States,<=50K
53,Private,94081,Bachelors,13,Married-civ-spouse,Exec-managerial,Husband,White,Male,0,0,44,United-States,>50K
46,Private,82946,HS-grad,9,Never-married,Sales,Not-in-family,White,Female,0,0,40,United-States,<=50K
56,?,192325,Some-college,10,Divorced,?,Not-in-family,White,Female,0,0,20,United-States,<=50K
26,Private,195555,Bachelors,13,Never-married,Sales,Not-in-family,White,Female,0,0,40,United-States,<=50K
41,Local-gov,185057,Masters,14,Never-married,Prof-specialty,Not-in-family,White,Female,0,0,40,United-States,<=50K
55,Self-emp-inc,257216,Masters,14,Widowed,Sales,Not-in-family,White,Female,0,0,40,United-States,<=50K
55,Private,223127,9th,5,Married-civ-spouse,Farming-fishing,Husband,White,Male,0,0,40,United-States,<=50K
31,Private,217962,Some-college,10,Never-married,Protective-serv,Other-relative,Black,Male,0,0,40,?,<=50K
29,Private,128509,HS-grad,9,Married-spouse-absent,Machine-op-inspct,Not-in-family,White,Female,0,0,38,El-Salvador,<=50K
35,Self-emp-not-inc,230268,Some-college,10,Married-civ-spouse,Other-service,Husband,White,Male,0,0,40,United-States,<=50K
20,Private,218962,HS-grad,9,Never-married,Machine-op-inspct,Not-in-family,White,Male,0,0,40,United-States,<=50K
24,Private,200997,HS-grad,9,Never-married,Handlers-cleaners,Own-child,White,Male,0,0,45,United-States,<=50K
47,Private,47247,Some-college,10,Married-civ-spouse,Adm-clerical,Wife,White,Female,0,0,40,United-States,<=50K
33,Self-emp-not-inc,177828,HS-grad,9,Divorced,Craft-repair,Not-in-family,White,Male,0,0,50,United-States,<=50K
58,Private,212534,HS-grad,9,Married-civ-spouse,Craft-repair,Husband,White,Male,0,0,40,United-States,<=50K
31,Private,241360,Bachelors,13,Never-married,Sales,Not-in-family,White,Male,0,0,40,United-States,<=50K
65,Self-emp-not-inc,22907,7th-8th,4,Married-civ-spouse,Farming-fishing,Husband,White,Male,0,0,40,United-States,<=50K
44,Private,35910,Bachelors,13,Married-civ-spouse,Exec-managerial,Husband,White,Male,0,1902,56,United-States,>50K
25,Private,211424,Bachelors,13,Never-married,Exec-managerial,Own-child,White,Male,0,0,40,United-States,<=50K
25,Private,485496,HS-grad,9,Never-married,Machine-op-inspct,Not-in-family,Black,Female,0,0,40,United-States,<=50K
37,Private,148143,HS-grad,9,Never-married,Machine-op-inspct,Unmarried,Black,Female,0,0,40,United-States,<=50K
25,Private,143267,HS-grad,9,Never-married,Adm-clerical,Not-in-family,White,Female,0,0,48,United-States,<=50K
26,?,176077,Some-college,10,Never-married,?,Unmarried,White,Female,0,0,40,United-States,<=50K
32,?,134886,HS-grad,9,Married-civ-spouse,?,Wife,White,Female,0,0,2,United-States,>50K
34,Private,97723,Bachelors,13,Married-civ-spouse,Prof-specialty,Husband,White,Male,0,0,40,United-States,>50K
33,Private,150154,Some-college,10,Married-civ-spouse,Craft-repair,Husband,White,Male,0,0,40,United-States,<=50K
38,Self-emp-not-inc,93206,Bachelors,13,Married-civ-spouse,Exec-managerial,Husband,Asian-Pac-Islander,Male,0,1902,65,United-States,>50K
41,Private,116379,Masters,14,Married-civ-spouse,Prof-specialty,Husband,Asian-Pac-Islander,Male,0,0,55,Taiwan,>50K
22,Private,169188,HS-grad,9,Never-married,Exec-managerial,Own-child,White,Female,0,0,20,United-States,<=50K
25,Private,221757,HS-grad,9,Divorced,Craft-repair,Not-in-family,White,Male,3325,0,45,United-States,<=50K
37,Private,167415,Prof-school,15,Married-civ-spouse,Prof-specialty,Husband,White,Male,0,0,60,United-States,>50K
72,Private,116640,Some-college,10,Married-civ-spouse,Prof-specialty,Husband,White,Male,3471,0,20,United-States,<=50K
47,Private,302711,11th,7,Divorced,Adm-clerical,Unmarried,White,Female,0,0,40,United-States,<=50K
28,Private,191935,Assoc-acdm,12,Never-married,Sales,Own-child,White,Male,0,0,20,United-States,<=50K
47,Private,229737,HS-grad,9,Married-civ-spouse,Craft-repair,Husband,White,Male,0,0,45,United-States,>50K
20,Private,55465,HS-grad,9,Never-married,Other-service,Own-child,White,Male,0,0,35,United-States,<=50K
73,?,200878,HS-grad,9,Widowed,?,Not-in-family,White,Female,0,0,15,United-States,<=50K
25,Private,242729,Bachelors,13,Never-married,Sales,Own-child,White,Female,0,0,20,United-States,<=50K
54,Federal-gov,332243,12th,8,Married-civ-spouse,Adm-clerical,Husband,White,Male,0,0,40,United-States,<=50K
34,Private,106014,Some-college,10,Never-married,Other-service,Not-in-family,White,Male,0,0,40,United-States,<=50K
43,State-gov,126701,Bachelors,13,Married-civ-spouse,Exec-managerial,Husband,White,Male,0,0,35,United-States,>50K
59,Private,75867,Masters,14,Married-civ-spouse,Prof-specialty,Husband,White,Male,0,0,60,United-States,<=50K
59,Federal-gov,48102,Masters,14,Never-married,Prof-specialty,Not-in-family,White,Female,0,0,40,?,>50K
48,Local-gov,328610,Prof-school,15,Married-civ-spouse,Prof-specialty,Husband,White,Male,0,0,45,United-States,>50K
51,Self-emp-not-inc,199005,Bachelors,13,Married-civ-spouse,Exec-managerial,Wife,White,Female,0,0,40,United-States,>50K
22,Private,440969,Some-college,10,Never-married,Other-service,Own-child,White,Female,0,0,24,United-States,<=50K
43,Private,52498,HS-grad,9,Divorced,Exec-managerial,Unmarried,White,Female,0,0,40,United-States,>50K
51,Private,166934,HS-grad,9,Married-civ-spouse,Machine-op-inspct,Husband,White,Male,0,0,40,United-States,>50K
21,?,380219,Some-college,10,Never-married,?,Own-child,Black,Female,0,0,40,United-States,<=50K
22,Private,160398,Some-college,10,Never-married,Sales,Other-relative,White,Male,0,0,38,United-States,<=50K
40,Private,42703,Assoc-voc,11,Divorced,Craft-repair,Unmarried,White,Female,0,0,40,United-States,<=50K
52,Private,94391,HS-grad,9,Married-civ-spouse,Adm-clerical,Husband,White,Male,0,0,40,United-States,<=50K
26,Private,476558,7th-8th,4,Never-married,Craft-repair,Not-in-family,White,Male,0,0,40,Mexico,<=50K
46,Private,202560,Some-college,10,Married-civ-spouse,Adm-clerical,Wife,White,Female,0,0,40,United-States,>50K
53,Self-emp-not-inc,159876,HS-grad,9,Married-civ-spouse,Craft-repair,Husband,Black,Male,3103,0,72,United-States,<=50K
36,Self-emp-not-inc,207202,10th,6,Married-civ-spouse,Farming-fishing,Husband,White,Male,0,0,60,United-States,<=50K
34,Private,181091,Bachelors,13,Married-civ-spouse,Exec-managerial,Husband,White,Male,0,1977,45,United-States,>50K
28,Private,33895,Bachelors,13,Never-married,Sales,Not-in-family,White,Male,0,0,45,United-States,<=50K
36,Local-gov,331902,Some-college,10,Divorced,Adm-clerical,Unmarried,White,Female,0,0,35,United-States,<=50K
17,Private,99462,11th,7,Never-married,Other-service,Own-child,Amer-Indian-Eskimo,Female,0,0,20,United-States,<=50K
68,Private,144137,Some-college,10,Divorced,Priv-house-serv,Other-relative,White,Female,0,0,30,United-States,<=50K
31,Private,158545,HS-grad,9,Married-civ-spouse,Adm-clerical,Wife,White,Female,0,0,27,United-States,<=50K
44,Private,260046,HS-grad,9,Divorced,Transport-moving,Not-in-family,White,Male,0,0,40,United-States,<=50K
70,Self-emp-inc,207938,Some-college,10,Never-married,Exec-managerial,Not-in-family,White,Male,0,0,5,United-States,<=50K
46,Private,370119,Prof-school,15,Married-civ-spouse,Prof-specialty,Husband,White,Male,99999,0,60,United-States,>50K
40,Private,130571,HS-grad,9,Never-married,Other-service,Not-in-family,White,Female,0,0,40,United-States,<=50K
28,?,303674,HS-grad,9,Married-civ-spouse,?,Wife,White,Female,3103,0,20,United-States,<=50K
37,Private,79586,Bachelors,13,Married-civ-spouse,Exec-managerial,Husband,Asian-Pac-Islander,Male,0,0,40,Iran,<=50K
61,Self-emp-not-inc,392694,Some-college,10,Divorced,Exec-managerial,Not-in-family,White,Male,0,0,50,United-States,>50K
42,Private,384508,11th,7,Divorced,Sales,Unmarried,White,Male,1506,0,50,Mexico,<=50K
41,Local-gov,66118,Some-college,10,Married-civ-spouse,Transport-moving,Wife,White,Female,0,0,25,United-States,<=50K
27,Private,110931,HS-grad,9,Married-civ-spouse,Adm-clerical,Husband,White,Male,0,0,40,United-States,<=50K
36,Private,129150,Some-college,10,Married-civ-spouse,Prof-specialty,Husband,White,Male,0,0,20,United-States,>50K
26,Private,343506,HS-grad,9,Never-married,Other-service,Own-child,Black,Female,0,0,40,United-States,<=50K
47,Local-gov,172246,Masters,14,Married-civ-spouse,Prof-specialty,Husband,White,Male,0,0,60,United-States,>50K
25,Private,134821,HS-grad,9,Never-married,Adm-clerical,Own-child,White,Female,0,0,40,United-States,<=50K
35,Private,171968,HS-grad,9,Married-civ-spouse,Machine-op-inspct,Husband,White,Male,0,0,40,United-States,<=50K
56,Federal-gov,61885,Bachelors,13,Never-married,Transport-moving,Not-in-family,Black,Male,0,2001,65,United-States,<=50K
58,Private,267663,7th-8th,4,Married-civ-spouse,Transport-moving,Husband,White,Male,0,0,40,Mexico,<=50K
41,Private,36699,Some-college,10,Divorced,Exec-managerial,Not-in-family,White,Male,4650,0,40,United-States,<=50K
47,Private,216999,HS-grad,9,Married-civ-spouse,Sales,Husband,White,Male,0,0,45,United-States,<=50K
54,Self-emp-inc,108435,Bachelors,13,Married-civ-spouse,Sales,Husband,White,Male,0,0,50,United-States,>50K
18,Private,184277,HS-grad,9,Never-married,Sales,Own-child,White,Female,0,0,25,United-States,<=50K
29,Private,122127,Bachelors,13,Never-married,Prof-specialty,Not-in-family,White,Female,8614,0,40,United-States,>50K
42,Private,367049,Masters,14,Never-married,Exec-managerial,Not-in-family,White,Female,4650,0,40,United-States,<=50K
27,Private,167737,12th,8,Never-married,Machine-op-inspct,Not-in-family,White,Male,0,0,45,United-States,<=50K
21,Private,32732,Some-college,10,Never-married,Sales,Not-in-family,White,Male,0,0,40,United-States,<=50K
33,Private,169973,Assoc-voc,11,Separated,Protective-serv,Not-in-family,White,Female,0,0,40,United-States,<=50K
32,Private,339482,5th-6th,3,Separated,Farming-fishing,Other-relative,White,Male,0,0,60,Mexico,<=50K
18,?,171088,Some-college,10,Never-married,?,Own-child,White,Female,0,0,40,United-States,<=50K
30,Private,488720,Assoc-voc,11,Married-civ-spouse,Handlers-cleaners,Husband,White,Male,0,0,40,Mexico,<=50K
20,Private,219122,Some-college,10,Never-married,Other-service,Not-in-family,White,Male,0,0,40,United-States,<=50K
41,Private,93793,Masters,14,Married-civ-spouse,Prof-specialty,Husband,White,Male,0,0,38,United-States,>50K
63,Private,181828,HS-grad,9,Married-civ-spouse,Sales,Husband,White,Male,0,0,48,?,<=50K
30,Private,329425,Some-college,10,Never-married,Protective-serv,Own-child,White,Male,0,0,48,United-States,<=50K
45,Private,228570,HS-grad,9,Married-civ-spouse,Sales,Wife,White,Female,0,0,35,United-States,<=50K
18,Private,298860,12th,8,Never-married,Handlers-cleaners,Own-child,White,Male,0,0,20,United-States,<=50K
38,Private,275223,Some-college,10,Married-civ-spouse,Sales,Husband,White,Male,7298,0,40,United-States,>50K
28,Private,478315,Bachelors,13,Never-married,Prof-specialty,Own-child,Black,Female,0,0,40,United-States,<=50K
39,Private,247733,HS-grad,9,Divorced,Priv-house-serv,Unmarried,Black,Female,0,0,16,United-States,<=50K
22,?,34616,Some-college,10,Never-married,?,Own-child,White,Female,0,0,20,United-States,<=50K
50,Private,40623,Some-college,10,Divorced,Sales,Not-in-family,White,Female,0,0,40,United-States,<=50K
46,Private,176814,Prof-school,15,Married-civ-spouse,Prof-specialty,Husband,White,Male,99999,0,50,United-States,>50K
57,Private,121821,1st-4th,2,Married-civ-spouse,Other-service,Husband,Other,Male,0,0,40,Dominican-Republic,<=50K
37,Self-emp-inc,199265,Some-college,10,Married-civ-spouse,Exec-managerial,Husband,White,Male,0,0,50,United-States,<=50K
19,Private,269657,Some-college,10,Never-married,Sales,Not-in-family,White,Female,0,0,35,United-States,<=50K
39,Private,202683,Bachelors,13,Married-civ-spouse,Adm-clerical,Husband,White,Male,0,0,40,United-States,<=50K
42,Private,219288,7th-8th,4,Widowed,Craft-repair,Unmarried,White,Male,0,0,40,United-States,<=50K
21,Private,224640,Some-college,10,Never-married,Sales,Own-child,White,Female,0,0,40,United-States,<=50K
62,Private,161460,Bachelors,13,Never-married,Farming-fishing,Not-in-family,White,Male,0,0,30,United-States,<=50K
67,Local-gov,181220,Some-college,10,Divorced,Adm-clerical,Not-in-family,Black,Female,0,0,20,United-States,<=50K
34,Private,52537,HS-grad,9,Never-married,Transport-moving,Unmarried,Black,Male,0,0,30,United-States,<=50K
69,Self-emp-inc,106395,HS-grad,9,Married-civ-spouse,Other-service,Husband,White,Male,0,0,40,United-States,>50K
21,Private,228255,Some-college,10,Never-married,Other-service,Own-child,White,Male,0,0,30,United-States,<=50K
47,Local-gov,246891,Bachelors,13,Married-civ-spouse,Protective-serv,Husband,White,Male,0,0,40,United-States,<=50K
35,Private,31964,Bachelors,13,Married-civ-spouse,Sales,Husband,White,Male,0,0,50,United-States,>50K
19,?,440417,Some-college,10,Never-married,?,Own-child,White,Female,0,0,15,United-States,<=50K
50,Private,89534,HS-grad,9,Married-civ-spouse,Machine-op-inspct,Husband,White,Male,0,0,40,United-States,<=50K
32,Private,103860,Bachelors,13,Married-civ-spouse,Exec-managerial,Husband,White,Male,0,0,50,United-States,>50K
17,Local-gov,195262,11th,7,Never-married,Craft-repair,Own-child,White,Male,0,0,35,United-States,<=50K
62,Private,211408,Assoc-voc,11,Married-civ-spouse,Tech-support,Husband,White,Male,0,0,40,United-States,>50K
32,Local-gov,186784,Bachelors,13,Married-civ-spouse,Prof-specialty,Wife,White,Female,5013,0,45,United-States,<=50K
41,Federal-gov,133060,Assoc-acdm,12,Married-civ-spouse,Prof-specialty,Husband,White,Male,0,0,40,United-States,>50K
47,Private,97842,Some-college,10,Married-civ-spouse,Craft-repair,Husband,White,Male,0,0,40,United-States,<=50K
28,State-gov,155397,Bachelors,13,Never-married,Exec-managerial,Not-in-family,White,Male,0,0,55,United-States,<=50K
42,Private,202188,Some-college,10,Divorced,Exec-managerial,Not-in-family,White,Female,0,1741,50,United-States,<=50K
40,Private,220609,Some-college,10,Divorced,Exec-managerial,Not-in-family,White,Female,0,0,40,United-States,<=50K
33,Private,333701,Assoc-voc,11,Never-married,Other-service,Unmarried,Black,Male,0,0,40,United-States,<=50K
79,Local-gov,84616,11th,7,Married-civ-spouse,Exec-managerial,Husband,White,Male,0,0,7,United-States,<=50K
44,Private,119281,Prof-school,15,Married-civ-spouse,Prof-specialty,Husband,White,Male,0,0,50,United-States,>50K
29,Private,413297,Assoc-acdm,12,Never-married,Sales,Not-in-family,White,Male,0,0,45,Mexico,<=50K
26,Private,86872,HS-grad,9,Married-civ-spouse,Transport-moving,Husband,White,Male,0,0,40,United-States,>50K
36,Private,143486,HS-grad,9,Married-civ-spouse,Transport-moving,Husband,White,Male,7298,0,50,United-States,>50K
23,Private,38151,11th,7,Never-married,Other-service,Other-relative,White,Male,0,0,40,Philippines,<=50K
18,?,234648,11th,7,Never-married,?,Own-child,Black,Male,0,0,15,United-States,<=50K
18,?,211177,12th,8,Never-married,?,Other-relative,Black,Male,0,0,20,United-States,<=50K
29,Private,103628,Some-college,10,Married-civ-spouse,Adm-clerical,Wife,White,Female,0,0,40,United-States,>50K
54,Private,171924,HS-grad,9,Married-civ-spouse,Transport-moving,Husband,White,Male,0,0,70,United-States,<=50K
25,Private,171114,HS-grad,9,Never-married,Adm-clerical,Not-in-family,White,Female,0,0,48,United-States,<=50K
27,Private,106758,HS-grad,9,Divorced,Adm-clerical,Unmarried,White,Female,0,0,45,United-States,<=50K
21,Private,113106,Some-college,10,Never-married,Other-service,Own-child,White,Female,0,0,30,United-States,<=50K
24,Self-emp-not-inc,37440,Bachelors,13,Never-married,Farming-fishing,Unmarried,White,Male,0,0,50,United-States,<=50K
47,Private,145886,Some-college,10,Divorced,Other-service,Unmarried,White,Female,0,0,40,United-States,<=50K
20,Private,121023,Some-college,10,Never-married,Adm-clerical,Own-child,White,Female,0,0,15,United-States,<=50K
40,Local-gov,243580,Bachelors,13,Married-civ-spouse,Prof-specialty,Husband,White,Male,0,0,48,United-States,<=50K
34,Private,223267,HS-grad,9,Never-married,Exec-managerial,Other-relative,White,Male,0,0,50,United-States,<=50K
17,Private,132636,11th,7,Never-married,Transport-moving,Own-child,White,Female,0,0,16,United-States,<=50K
40,Private,34113,HS-grad,9,Never-married,Exec-managerial,Not-in-family,Amer-Indian-Eskimo,Male,6849,0,43,United-States,<=50K
31,Private,173002,HS-grad,9,Never-married,Adm-clerical,Own-child,White,Female,0,0,40,United-States,<=50K
59,Federal-gov,195467,Masters,14,Never-married,Exec-managerial,Not-in-family,White,Male,0,0,40,United-States,<=50K
50,Private,198362,Assoc-voc,11,Widowed,Exec-managerial,Unmarried,White,Female,0,0,40,United-States,<=50K
53,Local-gov,200190,Masters,14,Married-civ-spouse,Prof-specialty,Husband,White,Male,0,1977,55,United-States,>50K
58,Private,183893,Some-college,10,Divorced,Adm-clerical,Unmarried,Black,Female,0,0,40,United-States,<=50K
22,Private,128487,HS-grad,9,Never-married,Adm-clerical,Not-in-family,White,Female,0,0,10,United-States,<=50K
57,Private,210688,HS-grad,9,Married-civ-spouse,Prof-specialty,Husband,White,Male,0,0,15,United-States,<=50K
36,Private,231082,Bachelors,13,Divorced,Prof-specialty,Not-in-family,White,Female,0,0,50,United-States,<=50K
33,Private,198211,HS-grad,9,Married-civ-spouse,Tech-support,Husband,White,Male,0,0,40,United-States,<=50K
29,Private,200468,10th,6,Never-married,Prof-specialty,Not-in-family,White,Male,0,0,40,United-States,<=50K
22,?,335453,Some-college,10,Never-married,?,Own-child,White,Female,0,0,16,United-States,<=50K
34,Private,177437,Some-college,10,Married-civ-spouse,Craft-repair,Husband,White,Male,15024,0,45,United-States,>50K
56,Private,282023,Masters,14,Married-civ-spouse,Prof-specialty,Husband,White,Male,0,0,40,United-States,>50K
27,Private,214858,10th,6,Married-civ-spouse,Craft-repair,Other-relative,White,Male,0,0,55,United-States,<=50K
39,Private,177154,Bachelors,13,Married-civ-spouse,Sales,Husband,White,Male,15024,0,50,United-States,>50K
40,Private,566537,Preschool,1,Married-civ-spouse,Other-service,Husband,White,Male,0,1672,40,Mexico,<=50K
32,Private,229732,Bachelors,13,Married-civ-spouse,Sales,Husband,White,Male,0,0,45,United-States,<=50K
45,Private,28035,Some-college,10,Never-married,Farming-fishing,Other-relative,White,Male,0,0,50,United-States,<=50K
33,Private,222654,Bachelors,13,Never-married,Prof-specialty,Not-in-family,White,Male,0,0,40,United-States,<=50K
33,Private,136331,HS-grad,9,Married-spouse-absent,Craft-repair,Unmarried,White,Male,0,0,50,United-States,<=50K
47,Local-gov,148576,Prof-school,15,Married-civ-spouse,Prof-specialty,Husband,White,Male,0,0,35,United-States,<=50K
41,Private,211731,Some-college,10,Never-married,Adm-clerical,Not-in-family,White,Female,0,0,40,Mexico,<=50K
30,Local-gov,125159,Bachelors,13,Never-married,Prof-specialty,Not-in-family,Black,Male,14084,0,45,?,>50K
27,Private,220754,Doctorate,16,Never-married,Adm-clerical,Own-child,White,Female,0,0,40,United-States,<=50K
68,Private,236943,9th,5,Divorced,Farming-fishing,Not-in-family,Black,Male,0,0,20,United-States,<=50K
38,Private,245372,Bachelors,13,Married-civ-spouse,Prof-specialty,Husband,White,Male,7688,0,45,United-States,>50K
35,Private,187089,Assoc-voc,11,Married-civ-spouse,Exec-managerial,Wife,White,Female,0,0,42,United-States,>50K
34,Private,118941,11th,7,Never-married,Other-service,Not-in-family,White,Female,0,0,40,Ireland,<=50K
19,?,220517,Some-college,10,Never-married,?,Own-child,White,Female,0,0,15,United-States,<=50K
20,Private,59948,9th,5,Never-married,Adm-clerical,Unmarried,Black,Female,114,0,20,United-States,<=50K
49,Self-emp-not-inc,173411,HS-grad,9,Divorced,Sales,Not-in-family,White,Male,0,0,40,United-States,<=50K
39,Federal-gov,227597,HS-grad,9,Never-married,Armed-Forces,Not-in-family,White,Male,0,0,50,United-States,<=50K
52,Private,170562,HS-grad,9,Married-civ-spouse,Exec-managerial,Husband,White,Male,0,0,60,United-States,>50K
66,Local-gov,36364,HS-grad,9,Married-civ-spouse,Craft-repair,Husband,White,Male,0,2267,40,United-States,<=50K
46,Private,214955,Assoc-acdm,12,Divorced,Prof-specialty,Unmarried,White,Female,0,0,40,United-States,<=50K
28,Private,273929,HS-grad,9,Married-civ-spouse,Sales,Husband,White,Male,0,1628,60,United-States,<=50K
38,Private,357870,12th,8,Never-married,Machine-op-inspct,Not-in-family,Black,Female,0,0,50,United-States,<=50K
49,Private,156926,Assoc-voc,11,Divorced,Exec-managerial,Not-in-family,White,Male,0,0,45,United-States,>50K
32,Private,252257,Assoc-acdm,12,Never-married,Adm-clerical,Not-in-family,White,Female,0,0,45,United-States,<=50K
36,Private,49626,HS-grad,9,Married-civ-spouse,Exec-managerial,Husband,White,Male,0,0,40,United-States,<=50K
50,Self-emp-not-inc,44368,HS-grad,9,Married-civ-spouse,Sales,Husband,White,Male,15024,0,55,El-Salvador,>50K
24,Local-gov,103277,Bachelors,13,Never-married,Prof-specialty,Own-child,White,Female,0,0,50,United-States,<=50K
29,Private,327964,9th,5,Divorced,Machine-op-inspct,Unmarried,Black,Female,0,0,40,United-States,<=50K
55,Private,35551,HS-grad,9,Divorced,Craft-repair,Not-in-family,White,Male,0,0,40,United-States,<=50K
23,Private,278391,HS-grad,9,Never-married,Transport-moving,Own-child,White,Male,0,0,40,United-States,<=50K
18,Private,280603,11th,7,Never-married,Sales,Own-child,White,Female,0,0,30,United-States,<=50K
60,Local-gov,93272,HS-grad,9,Married-civ-spouse,Other-service,Husband,White,Male,0,0,40,United-States,<=50K
47,Federal-gov,55377,HS-grad,9,Never-married,Machine-op-inspct,Own-child,Black,Male,0,0,40,United-States,<=50K
34,Self-emp-not-inc,112650,7th-8th,4,Never-married,Craft-repair,Own-child,White,Male,0,0,40,United-States,<=50K
47,Self-emp-inc,116927,HS-grad,9,Married-civ-spouse,Exec-managerial,Husband,White,Male,0,0,42,United-States,>50K
29,Private,299705,Some-college,10,Never-married,Handlers-cleaners,Unmarried,Black,Male,0,0,37,United-States,<=50K
36,Private,183902,Bachelors,13,Married-civ-spouse,Prof-specialty,Wife,White,Female,0,0,4,United-States,>50K
59,Self-emp-inc,146477,Prof-school,15,Married-civ-spouse,Prof-specialty,Husband,White,Male,0,0,40,United-States,>50K
19,Private,100009,Some-college,10,Never-married,Sales,Own-child,White,Female,0,0,15,United-States,<=50K
40,Self-emp-not-inc,284706,Prof-school,15,Married-civ-spouse,Prof-specialty,Husband,Amer-Indian-Eskimo,Male,0,1977,60,United-States,>50K
31,Private,241885,HS-grad,9,Married-civ-spouse,Other-service,Husband,White,Male,0,0,40,United-States,<=50K
45,Federal-gov,71823,Some-college,10,Married-civ-spouse,Adm-clerical,Husband,Black,Male,0,0,20,United-States,<=50K
51,Private,94432,HS-grad,9,Married-civ-spouse,Prof-specialty,Husband,White,Male,0,0,40,United-States,<=50K
42,Private,171841,Prof-school,15,Married-civ-spouse,Prof-specialty,Husband,White,Male,0,0,60,United-States,<=50K
31,Local-gov,94991,HS-grad,9,Divorced,Other-service,Unmarried,Amer-Indian-Eskimo,Male,0,0,40,United-States,<=50K
50,Federal-gov,111700,Masters,14,Never-married,Exec-managerial,Not-in-family,White,Female,0,0,50,United-States,<=50K
49,Private,234320,7th-8th,4,Never-married,Prof-specialty,Other-relative,Black,Male,0,0,45,United-States,<=50K
54,Private,206964,Some-college,10,Married-civ-spouse,Sales,Husband,White,Male,0,0,40,United-States,>50K
40,?,180362,Bachelors,13,Never-married,?,Own-child,White,Female,0,0,40,United-States,<=50K
80,Self-emp-not-inc,34340,7th-8th,4,Widowed,Farming-fishing,Not-in-family,White,Male,0,0,35,United-States,<=50K
44,Private,259479,HS-grad,9,Divorced,Transport-moving,Unmarried,White,Male,0,0,50,United-States,<=50K
42,Private,183205,HS-grad,9,Divorced,Exec-managerial,Unmarried,White,Female,0,0,45,United-States,<=50K
40,Private,135056,Assoc-acdm,12,Divorced,Adm-clerical,Unmarried,White,Female,0,0,40,United-States,<=50K
36,Private,146311,9th,5,Married-civ-spouse,Machine-op-inspct,Husband,White,Male,0,0,40,United-States,<=50K
39,Private,270059,Some-college,10,Divorced,Adm-clerical,Unmarried,White,Female,0,0,35,United-States,<=50K
33,Private,141841,Bachelors,13,Married-civ-spouse,Exec-managerial,Husband,Black,Male,5178,0,40,United-States,>50K
46,Private,172695,11th,7,Widowed,Other-service,Not-in-family,White,Female,0,0,27,El-Salvador,<=50K
55,Private,249072,HS-grad,9,Married-civ-spouse,Transport-moving,Husband,White,Male,0,0,60,United-States,<=50K
20,Private,180497,HS-grad,9,Never-married,Other-service,Not-in-family,Black,Female,0,0,40,United-States,<=50K
35,Private,207568,10th,6,Never-married,Other-service,Own-child,White,Male,0,0,40,United-States,<=50K
62,Private,186696,HS-grad,9,Married-civ-spouse,Craft-repair,Husband,White,Male,0,0,40,United-States,<=50K
49,Private,194189,7th-8th,4,Married-civ-spouse,Handlers-cleaners,Husband,White,Male,0,0,40,United-States,<=50K
46,?,206357,5th-6th,3,Married-civ-spouse,?,Wife,White,Female,0,0,40,Mexico,<=50K
35,Private,30529,HS-grad,9,Married-civ-spouse,Handlers-cleaners,Husband,White,Male,0,0,40,United-States,<=50K
36,Private,245521,7th-8th,4,Married-civ-spouse,Farming-fishing,Husband,White,Male,0,0,35,Mexico,<=50K
21,Private,307371,Some-college,10,Never-married,Protective-serv,Own-child,White,Male,0,0,15,United-States,<=50K
19,Private,25429,Some-college,10,Never-married,Adm-clerical,Own-child,White,Female,0,0,16,United-States,<=50K
36,Private,484024,HS-grad,9,Divorced,Machine-op-inspct,Unmarried,White,Male,0,0,40,United-States,<=50K
43,Private,170214,Some-college,10,Married-civ-spouse,Exec-managerial,Husband,White,Male,0,0,50,United-States,>50K
31,Private,332379,HS-grad,9,Never-married,Machine-op-inspct,Not-in-family,White,Male,0,0,40,United-States,<=50K
31,Private,42485,HS-grad,9,Married-civ-spouse,Machine-op-inspct,Husband,White,Male,0,0,55,United-States,<=50K
31,Private,119422,HS-grad,9,Married-civ-spouse,Sales,Husband,White,Male,0,0,40,United-States,<=50K
30,Self-emp-inc,173858,Some-college,10,Married-civ-spouse,Exec-managerial,Husband,Asian-Pac-Islander,Male,0,1902,40,South,>50K
33,Private,319854,Bachelors,13,Separated,Prof-specialty,Not-in-family,White,Male,4650,0,35,United-States,<=50K
31,Private,171871,Masters,14,Never-married,Prof-specialty,Not-in-family,White,Female,0,0,46,United-States,<=50K
33,Private,101562,Masters,14,Never-married,Exec-managerial,Not-in-family,White,Female,0,0,40,United-States,<=50K
18,Private,163787,HS-grad,9,Married-civ-spouse,Exec-managerial,Wife,White,Female,0,0,40,United-States,<=50K
55,Private,157932,HS-grad,9,Divorced,Handlers-cleaners,Not-in-family,White,Male,0,0,40,United-States,<=50K
47,Private,586657,Masters,14,Married-civ-spouse,Exec-managerial,Husband,White,Male,0,0,40,Japan,>50K
36,Private,461337,Some-college,10,Married-civ-spouse,Adm-clerical,Wife,White,Female,0,0,40,United-States,<=50K
51,Private,254211,Bachelors,13,Married-civ-spouse,Craft-repair,Husband,White,Male,0,0,20,United-States,>50K
39,Private,297847,9th,5,Married-civ-spouse,Other-service,Wife,Black,Female,3411,0,34,United-States,<=50K
32,Private,440129,Some-college,10,Married-civ-spouse,Handlers-cleaners,Husband,White,Male,0,0,38,Mexico,<=50K
39,Local-gov,164156,Assoc-acdm,12,Divorced,Other-service,Unmarried,White,Female,0,0,55,United-States,<=50K
38,Private,179668,HS-grad,9,Married-civ-spouse,Protective-serv,Husband,White,Male,0,0,40,Scotland,<=50K
27,Private,44767,HS-grad,9,Married-civ-spouse,Farming-fishing,Husband,White,Male,0,0,40,United-States,<=50K
49,Private,43206,Prof-school,15,Never-married,Prof-specialty,Not-in-family,White,Female,0,0,55,United-States,>50K
70,Self-emp-not-inc,347910,Some-college,10,Married-civ-spouse,Exec-managerial,Husband,White,Male,0,0,35,United-States,<=50K
24,Private,112459,Masters,14,Never-married,Prof-specialty,Not-in-family,White,Female,0,0,45,United-States,<=50K
56,Private,238638,7th-8th,4,Married-civ-spouse,Craft-repair,Husband,White,Male,0,0,40,United-States,<=50K
45,Private,178922,HS-grad,9,Never-married,Sales,Not-in-family,White,Female,0,0,20,United-States,<=50K
34,Private,36385,Masters,14,Married-civ-spouse,Prof-specialty,Husband,White,Male,0,0,45,United-States,>50K
24,Private,228960,Assoc-acdm,12,Never-married,Adm-clerical,Own-child,White,Female,0,0,40,United-States,<=50K
55,Private,61708,HS-grad,9,Married-civ-spouse,Adm-clerical,Husband,White,Male,6418,0,50,United-States,>50K
36,State-gov,422275,5th-6th,3,Married-civ-spouse,Other-service,Husband,White,Male,0,0,40,Mexico,<=50K
54,Private,449257,HS-grad,9,Married-civ-spouse,Farming-fishing,Husband,White,Male,0,0,40,United-States,<=50K
24,Private,275093,HS-grad,9,Never-married,Handlers-cleaners,Not-in-family,White,Female,0,0,36,United-States,<=50K
36,Self-emp-not-inc,160120,Bachelors,13,Married-civ-spouse,Sales,Husband,Other,Male,0,0,45,?,<=50K
44,Private,107218,Bachelors,13,Married-civ-spouse,Exec-managerial,Husband,Asian-Pac-Islander,Male,0,0,40,United-States,<=50K
42,Federal-gov,158926,Assoc-acdm,12,Divorced,Prof-specialty,Unmarried,Asian-Pac-Islander,Female,0,0,40,Philippines,>50K
47,Private,169388,11th,7,Divorced,Other-service,Unmarried,White,Female,0,0,15,United-States,<=50K
64,State-gov,194894,Doctorate,16,Never-married,Prof-specialty,Not-in-family,White,Female,4787,0,40,United-States,>50K
31,Private,137367,11th,7,Married-spouse-absent,Handlers-cleaners,Not-in-family,Asian-Pac-Islander,Male,0,0,40,India,<=50K
38,Private,235379,Assoc-acdm,12,Never-married,Prof-specialty,Unmarried,White,Female,0,0,36,United-States,<=50K
26,Private,90915,Assoc-acdm,12,Never-married,Other-service,Own-child,Black,Female,0,0,15,United-States,<=50K
27,Private,335764,11th,7,Married-civ-spouse,Sales,Own-child,Black,Male,0,0,35,United-States,<=50K
31,Self-emp-not-inc,145162,Bachelors,13,Married-civ-spouse,Exec-managerial,Husband,White,Male,0,0,60,?,>50K
26,Private,302603,HS-grad,9,Never-married,Transport-moving,Own-child,White,Male,0,0,45,United-States,<=50K
33,Private,243674,HS-grad,9,Separated,Tech-support,Not-in-family,White,Male,0,0,46,United-States,<=50K
81,Self-emp-inc,247232,10th,6,Married-civ-spouse,Exec-managerial,Wife,White,Female,2936,0,28,United-States,<=50K
52,Private,96359,Doctorate,16,Married-civ-spouse,Exec-managerial,Husband,White,Male,0,0,57,United-States,>50K
37,Private,179731,HS-grad,9,Never-married,Other-service,Unmarried,White,Female,0,0,35,United-States,<=50K
34,Local-gov,22641,HS-grad,9,Never-married,Protective-serv,Not-in-family,Amer-Indian-Eskimo,Male,0,0,40,United-States,<=50K
51,Self-emp-not-inc,259323,HS-grad,9,Married-civ-spouse,Craft-repair,Husband,White,Male,0,0,70,United-States,<=50K
64,Private,391121,7th-8th,4,Married-civ-spouse,Farming-fishing,Husband,White,Male,0,0,40,United-States,>50K
67,Without-pay,137192,HS-grad,9,Married-civ-spouse,Adm-clerical,Husband,Asian-Pac-Islander,Male,0,0,12,Philippines,<=50K
25,Private,262978,Some-college,10,Never-married,Sales,Not-in-family,White,Male,0,0,30,United-States,<=50K
30,Private,220939,Assoc-voc,11,Divorced,Exec-managerial,Not-in-family,White,Male,0,0,40,United-States,<=50K
37,Private,194004,11th,7,Married-civ-spouse,Craft-repair,Husband,White,Male,0,0,25,United-States,<=50K
17,Private,187308,10th,6,Never-married,Other-service,Own-child,White,Female,0,0,15,United-States,<=50K
60,Private,130684,Some-college,10,Married-civ-spouse,Craft-repair,Husband,White,Male,0,0,55,United-States,<=50K
33,Private,637222,12th,8,Divorced,Machine-op-inspct,Unmarried,Black,Female,0,0,40,United-States,<=50K
35,Self-emp-not-inc,31095,Assoc-voc,11,Never-married,Farming-fishing,Not-in-family,White,Male,0,0,60,United-States,<=50K
50,Local-gov,100480,Masters,14,Married-civ-spouse,Exec-managerial,Husband,White,Male,0,0,60,United-States,>50K
25,Private,174592,HS-grad,9,Never-married,Other-service,Own-child,White,Female,0,0,25,United-States,<=50K
26,Private,202091,HS-grad,9,Married-civ-spouse,Adm-clerical,Wife,White,Female,0,0,40,United-States,<=50K
59,Self-emp-inc,223215,Bachelors,13,Married-civ-spouse,Exec-managerial,Husband,White,Male,0,1977,50,United-States,>50K
90,Private,87285,HS-grad,9,Never-married,Other-service,Own-child,White,Female,0,0,24,United-States,<=50K
39,Private,358837,Some-college,10,Never-married,Tech-support,Unmarried,Black,Female,0,0,40,United-States,<=50K
37,Private,240810,Assoc-acdm,12,Married-civ-spouse,Craft-repair,Husband,White,Male,0,0,45,United-States,<=50K
29,?,427965,HS-grad,9,Separated,?,Unmarried,Black,Female,0,0,20,United-States,<=50K
38,Local-gov,282753,Assoc-voc,11,Divorced,Exec-managerial,Own-child,White,Male,0,0,40,United-States,<=50K
58,Private,317479,HS-grad,9,Divorced,Machine-op-inspct,Not-in-family,Black,Female,0,0,40,United-States,<=50K
32,Private,134886,HS-grad,9,Married-civ-spouse,Adm-clerical,Wife,White,Female,0,0,40,United-States,>50K
21,Private,191243,Some-college,10,Never-married,Other-service,Own-child,White,Male,0,0,40,United-States,<=50K
29,Private,58115,Bachelors,13,Married-civ-spouse,Sales,Husband,White,Male,0,0,41,United-States,<=50K
59,Self-emp-not-inc,195835,HS-grad,9,Married-civ-spouse,Sales,Husband,White,Male,0,0,60,United-States,<=50K
36,Private,176634,Bachelors,13,Married-civ-spouse,Sales,Wife,White,Female,0,0,35,United-States,>50K
29,Private,188729,Bachelors,13,Never-married,Adm-clerical,Not-in-family,White,Female,0,0,45,United-States,<=50K
39,Private,204501,Masters,14,Married-civ-spouse,Exec-managerial,Husband,White,Male,0,0,50,United-States,>50K
31,Private,393357,9th,5,Married-civ-spouse,Handlers-cleaners,Husband,Black,Male,0,0,48,United-States,<=50K
47,Private,152073,HS-grad,9,Divorced,Machine-op-inspct,Unmarried,White,Female,0,0,40,United-States,<=50K
29,Private,29865,HS-grad,9,Divorced,Sales,Not-in-family,Amer-Indian-Eskimo,Female,0,0,50,United-States,<=50K
20,Private,54152,Some-college,10,Never-married,Adm-clerical,Own-child,White,Female,0,0,30,?,<=50K
54,State-gov,137065,Doctorate,16,Never-married,Exec-managerial,Not-in-family,White,Female,0,0,40,United-States,>50K
30,Private,293512,Assoc-voc,11,Never-married,Prof-specialty,Not-in-family,Black,Male,0,0,40,United-States,<=50K
33,Private,202822,7th-8th,4,Never-married,Other-service,Unmarried,Black,Female,0,0,14,Trinadad&Tobago,<=50K
52,Self-emp-not-inc,140985,Bachelors,13,Married-civ-spouse,Adm-clerical,Wife,White,Female,99999,0,30,United-States,>50K
39,Private,53447,HS-grad,9,Divorced,Farming-fishing,Not-in-family,White,Female,0,0,40,United-States,<=50K
34,Private,226883,HS-grad,9,Divorced,Craft-repair,Not-in-family,White,Male,0,0,40,United-States,<=50K
21,Private,108670,HS-grad,9,Never-married,Prof-specialty,Not-in-family,White,Female,0,0,40,United-States,<=50K
33,Private,121195,HS-grad,9,Never-married,Machine-op-inspct,Not-in-family,Other,Male,0,0,50,United-States,<=50K
28,?,268222,11th,7,Never-married,?,Not-in-family,Black,Female,0,0,40,United-States,<=50K
23,Private,99543,12th,8,Never-married,Transport-moving,Not-in-family,White,Male,0,0,46,United-States,<=50K
38,Private,199816,HS-grad,9,Divorced,Machine-op-inspct,Own-child,White,Male,0,0,40,United-States,<=50K
27,State-gov,553473,Bachelors,13,Married-civ-spouse,Protective-serv,Wife,Black,Female,0,0,48,United-States,<=50K
42,Local-gov,180318,10th,6,Never-married,Farming-fishing,Unmarried,White,Male,0,0,35,United-States,<=50K
46,Federal-gov,371373,HS-grad,9,Divorced,Adm-clerical,Not-in-family,White,Male,0,0,40,United-States,<=50K
23,Private,77581,Bachelors,13,Never-married,Exec-managerial,Own-child,White,Male,0,0,40,United-States,<=50K
32,Private,96016,Bachelors,13,Never-married,Prof-specialty,Not-in-family,White,Male,0,0,45,United-States,<=50K
23,Private,275818,Some-college,10,Never-married,Sales,Not-in-family,White,Female,0,1974,40,United-States,<=50K
23,Private,60331,HS-grad,9,Never-married,Machine-op-inspct,Own-child,White,Male,0,0,40,United-States,<=50K
62,Private,153148,HS-grad,9,Divorced,Other-service,Not-in-family,White,Female,0,0,84,United-States,<=50K
52,Private,145271,Bachelors,13,Married-civ-spouse,Craft-repair,Husband,Asian-Pac-Islander,Male,0,0,40,United-States,<=50K
20,Private,238685,Some-college,10,Never-married,Sales,Not-in-family,White,Female,0,0,30,United-States,<=50K
29,Private,289960,HS-grad,9,Married-civ-spouse,Machine-op-inspct,Husband,White,Male,0,0,48,United-States,<=50K
18,Private,50879,10th,6,Never-married,Other-service,Own-child,White,Male,0,0,6,United-States,<=50K
29,Private,457402,5th-6th,3,Never-married,Other-service,Not-in-family,White,Male,0,0,25,Mexico,<=50K
40,Private,171424,HS-grad,9,Divorced,Transport-moving,Not-in-family,White,Male,0,0,40,United-States,<=50K
50,Private,128478,HS-grad,9,Married-civ-spouse,Transport-moving,Husband,White,Male,0,0,70,United-States,<=50K
50,Private,55527,Assoc-acdm,12,Divorced,Craft-repair,Not-in-family,Black,Male,0,0,45,United-States,<=50K
31,Self-emp-not-inc,210164,HS-grad,9,Married-civ-spouse,Exec-managerial,Husband,White,Male,0,0,40,United-States,>50K
32,Local-gov,169837,Assoc-acdm,12,Divorced,Exec-managerial,Not-in-family,Black,Female,0,0,40,United-States,<=50K
52,Federal-gov,22428,Bachelors,13,Married-civ-spouse,Protective-serv,Husband,White,Male,0,0,60,United-States,>50K
29,Self-emp-not-inc,184710,HS-grad,9,Married-civ-spouse,Craft-repair,Husband,White,Male,0,0,40,United-States,<=50K
41,Private,207375,HS-grad,9,Never-married,Sales,Not-in-family,White,Female,0,0,50,United-States,<=50K
22,Private,223019,HS-grad,9,Never-married,Adm-clerical,Not-in-family,White,Female,0,0,40,United-States,<=50K
31,Self-emp-inc,149726,HS-grad,9,Married-civ-spouse,Craft-repair,Husband,White,Male,0,0,50,United-States,<=50K
43,Private,185832,Some-college,10,Married-civ-spouse,Machine-op-inspct,Husband,White,Male,0,0,48,United-States,>50K
50,Private,117295,10th,6,Married-civ-spouse,Craft-repair,Husband,White,Male,0,0,40,United-States,<=50K
44,Private,79531,Assoc-voc,11,Married-civ-spouse,Craft-repair,Husband,White,Male,0,0,40,United-States,>50K
45,Local-gov,189890,HS-grad,9,Never-married,Adm-clerical,Unmarried,White,Female,0,0,40,United-States,<=50K
30,Private,149531,HS-grad,9,Married-civ-spouse,Craft-repair,Husband,White,Male,0,0,50,United-States,<=50K
35,Local-gov,258037,HS-grad,9,Married-civ-spouse,Craft-repair,Husband,White,Male,0,0,40,Cuba,>50K
54,Self-emp-not-inc,57101,HS-grad,9,Married-civ-spouse,Craft-repair,Husband,White,Male,0,0,35,United-States,<=50K
44,Private,120277,Bachelors,13,Married-civ-spouse,Prof-specialty,Husband,White,Male,15024,0,50,Italy,>50K
47,Private,161950,Bachelors,13,Divorced,Other-service,Not-in-family,White,Female,0,0,25,Germany,<=50K
60,Private,114263,Bachelors,13,Divorced,Exec-managerial,Not-in-family,White,Female,0,0,40,Hungary,>50K
42,Private,69019,Some-college,10,Married-civ-spouse,Craft-repair,Husband,Black,Male,0,0,40,United-States,>50K
56,Private,200235,Assoc-voc,11,Married-civ-spouse,Craft-repair,Husband,White,Male,0,0,48,United-States,>50K
20,Private,243878,Some-college,10,Never-married,Craft-repair,Own-child,White,Male,0,0,40,United-States,<=50K
21,?,107801,Some-college,10,Never-married,?,Own-child,White,Female,0,0,6,United-States,<=50K
36,Private,54229,Assoc-acdm,12,Married-civ-spouse,Exec-managerial,Wife,White,Female,0,0,37,United-States,<=50K
50,Private,99925,HS-grad,9,Married-civ-spouse,Adm-clerical,Husband,White,Male,0,0,32,United-States,<=50K
29,State-gov,147256,Assoc-acdm,12,Never-married,Prof-specialty,Not-in-family,Black,Male,0,0,40,United-States,>50K
58,Local-gov,215245,Bachelors,13,Never-married,Prof-specialty,Not-in-family,White,Female,0,0,37,United-States,<=50K
30,Private,262994,Some-college,10,Divorced,Craft-repair,Not-in-family,Black,Male,0,0,40,United-States,<=50K
25,State-gov,183678,Bachelors,13,Never-married,Prof-specialty,Not-in-family,White,Female,0,0,50,United-States,<=50K
18,Private,395026,11th,7,Never-married,Other-service,Own-child,White,Male,0,0,12,United-States,<=50K
38,Private,78247,Some-college,10,Married-civ-spouse,Exec-managerial,Husband,White,Male,0,0,40,United-States,<=50K
46,Private,101455,HS-grad,9,Married-civ-spouse,Adm-clerical,Wife,White,Female,0,0,40,United-States,<=50K
36,Private,290560,Some-college,10,Married-civ-spouse,Exec-managerial,Husband,White,Male,0,0,45,United-States,<=50K
42,Private,192381,HS-grad,9,Married-civ-spouse,Craft-repair,Husband,White,Male,0,0,40,United-States,>50K
45,Private,187226,Assoc-acdm,12,Married-civ-spouse,Handlers-cleaners,Husband,White,Male,0,0,40,United-States,<=50K
25,Private,288185,9th,5,Married-civ-spouse,Machine-op-inspct,Husband,White,Male,0,0,40,Mexico,<=50K
18,Private,142647,Some-college,10,Never-married,Other-service,Own-child,White,Female,0,0,20,United-States,<=50K
43,Private,159549,Some-college,10,Married-civ-spouse,Sales,Husband,White,Male,0,0,50,United-States,>50K
19,?,242001,Some-college,10,Never-married,?,Own-child,White,Female,0,0,40,United-States,<=50K
48,Federal-gov,147397,HS-grad,9,Married-civ-spouse,Adm-clerical,Husband,White,Male,0,0,36,United-States,<=50K
50,Private,41890,HS-grad,9,Married-civ-spouse,Craft-repair,Husband,White,Male,0,0,40,United-States,<=50K
42,Private,344624,HS-grad,9,Married-civ-spouse,Transport-moving,Husband,White,Male,0,1902,50,United-States,>50K
42,Private,345363,HS-grad,9,Divorced,Exec-managerial,Not-in-family,White,Female,0,0,40,England,<=50K
47,Private,232628,HS-grad,9,Married-civ-spouse,Craft-repair,Husband,Black,Male,0,0,40,United-States,<=50K
39,Private,117381,HS-grad,9,Never-married,Tech-support,Not-in-family,White,Male,0,0,62,England,<=50K
61,Federal-gov,136787,Some-college,10,Married-civ-spouse,Adm-clerical,Husband,White,Male,0,0,40,United-States,>50K
53,Private,103586,Bachelors,13,Married-civ-spouse,Handlers-cleaners,Husband,White,Male,0,0,55,United-States,<=50K
48,State-gov,224474,Some-college,10,Divorced,Exec-managerial,Not-in-family,White,Female,0,0,40,United-States,<=50K
53,Private,152883,HS-grad,9,Widowed,Adm-clerical,Not-in-family,Black,Female,0,0,40,United-States,<=50K
34,Private,347166,Some-college,10,Married-civ-spouse,Adm-clerical,Husband,White,Male,0,0,40,United-States,<=50K
